S. No.,Sr_No,Region_Nam,Region_Cod,Subdivisio,SubDiv_Cod,Unique_Stn,State_Name,State_Code,District_N,District_C,Block_Name,Block_code,Station_Name,Station_Code,Station_Ty,Latitude,Longitude,RMC_MC,RMC_MC_ID,SUBBASIN,BASIN,FMO,FMO_Code,River_Basin_Code,UIN
80,4566,EAST AND NORTH EAST INDIA,2,BIHAR,203,203BHR0098,BIHAR,20303,DARBHANGA,20303010,Alinagar,2030301001,ALINAGAR,2.0303E+12,ORG,26.073037,86.249242,MC PATNA,11,Bagmati Adhwara,Ganga,PATNA,22,180,22180
81,4567,EAST AND NORTH EAST INDIA,2,BIHAR,203,203BHR0100,BIHAR,20303,DARBHANGA,20303010,Darbhanga,2030301006,DARBHANGA,2.0303E+12,ORG,26.166667,85.9,MC PATNA,11,Bagmati Adhwara,Ganga,PATNA,22,180,22180
82,4568,EAST AND NORTH EAST INDIA,2,BIHAR,203,203BHR0099,BIHAR,20303,DARBHANGA,20303010,Biraul,2030301005,GAURA BAURAM,2.0303E+12,ORG,25.944196,86.252532,MC PATNA,11,Bagmati Adhwara,Ganga,PATNA,22,180,22180
83,4569,EAST AND NORTH EAST INDIA,2,BIHAR,203,203BHR0102,BIHAR,20303,DARBHANGA,20303010,Ghanshyampur,2030301007,GHANSHYAMPUR,2.0303E+12,ORG,26.0653,86.3237,MC PATNA,11,Bagmati Adhwara,Ganga,PATNA,22,180,22180
84,4570,EAST AND NORTH EAST INDIA,2,BIHAR,203,203BHR0103,BIHAR,20303,DARBHANGA,20303010,Hayaghat,2030301010,HAYAGHAT,2.0303E+12,ORG,26.008,85.887,MC PATNA,11,Bagmati Adhwara,Ganga,PATNA,22,180,22180
85,4571,EAST AND NORTH EAST INDIA,2,BIHAR,203,203BHR0104,BIHAR,20303,DARBHANGA,20303010,Jale,2030301011,JALEY,2.0303E+12,ORG,26.366667,85.733333,MC PATNA,11,Bagmati Adhwara,Ganga,PATNA,22,180,22180
86,4572,EAST AND NORTH EAST INDIA,2,BIHAR,203,203BHR0101,BIHAR,20303,DARBHANGA,20303010,Darbhanga,2030301006,KAMTAUL,2.0303E+12,ORG,26.166667,85.8,MC PATNA,11,Bagmati Adhwara,Ganga,PATNA,22,180,22180
87,4573,EAST AND NORTH EAST INDIA,2,BIHAR,203,203BHR0105,BIHAR,20303,DARBHANGA,20303010,Kusheshwar asthan west,2030301015,KUSHESWARSTAN,2.0303E+12,ORG,25.8319,86.2664,MC PATNA,11,Bagmati Adhwara,Ganga,PATNA,22,180,22180
88,4574,EAST AND NORTH EAST INDIA,2,BIHAR,203,203BHR0106,BIHAR,20303,DARBHANGA,20303010,Tardih,2030301018,TARDIH,2.0303E+12,ORG,26.150499,86.25793,MC PATNA,11,Bagmati Adhwara,Ganga,PATNA,22,180,22180
174,4660,EAST AND NORTH EAST INDIA,2,BIHAR,203,203BHR0195,BIHAR,20303,KHAGARIA,20303017,Alauli,2030301701,ALAULI,2.0303E+12,ORG,25.6412,86.399,MC PATNA,11,Bagmati Adhwara,Ganga,PATNA,22,180,22180
177,4663,EAST AND NORTH EAST INDIA,2,BIHAR,203,203BHR0199,BIHAR,20303,KHAGARIA,20303017,Chautham,2030301703,CHAUTHAM,2.0303E+12,ORG,25.545702,86.65056,MC PATNA,11,Bagmati Adhwara,Ganga,PATNA,22,180,22180
179,4665,EAST AND NORTH EAST INDIA,2,BIHAR,203,203BHR0196,BIHAR,20303,KHAGARIA,20303017,Alauli,2030301701,KHAGADIA,2.0303E+12,ORG,25.583333,86.416667,MC PATNA,11,Bagmati Adhwara,Ganga,PATNA,22,180,22180
218,4704,EAST AND NORTH EAST INDIA,2,BIHAR,203,203BHR0238,BIHAR,20303,MADHUBANI,20303021,Benipatti,2030302104,BENIPATTI,2.0303E+12,ORG,26.455358,85.907548,MC PATNA,11,Bagmati Adhwara,Ganga,PATNA,22,180,22180
223,4709,EAST AND NORTH EAST INDIA,2,BIHAR,203,203BHR0246,BIHAR,20303,MADHUBANI,20303021,Madhwapur,2030302118,MADHWAPUR,2.0303E+12,ORG,26.5,85.833333,MC PATNA,11,Bagmati Adhwara,Ganga,PATNA,22,180,22180
224,4710,EAST AND NORTH EAST INDIA,2,BIHAR,203,203BHR0247,BIHAR,20303,MADHUBANI,20303021,Pandaul,2030302119,PANDAUL,2.0303E+12,ORG,26.2479,86.077,MC PATNA,11,Bagmati Adhwara,Ganga,PATNA,22,180,22180
226,4712,EAST AND NORTH EAST INDIA,2,BIHAR,203,203BHR0248,BIHAR,20303,MADHUBANI,20303021,Rajnagar,2030302121,RAJNAGAR,2.0303E+12,ORG,26.400523,86.160184,MC PATNA,11,Bagmati Adhwara,Ganga,PATNA,22,180,22180
227,4713,EAST AND NORTH EAST INDIA,2,BIHAR,203,203BHR0239,BIHAR,20303,MADHUBANI,20303021,Benipatti,2030302104,SAULIGHAT,2.0303E+12,ORG,26.416667,85.833333,MC PATNA,11,Bagmati Adhwara,Ganga,PATNA,22,180,22180
235,4721,EAST AND NORTH EAST INDIA,2,BIHAR,203,203BHR0256,BIHAR,20303,MUZAFFARPUR,20303023,Aurai,2030302301,AURAI,2.0303E+12,ORG,26.317,85.5638,MC PATNA,11,Bagmati Adhwara,Ganga,PATNA,22,180,22180
236,4722,EAST AND NORTH EAST INDIA,2,BIHAR,203,203BHR0257,BIHAR,20303,MUZAFFARPUR,20303023,Bandra,2030302302,BANDRA,2.0303E+12,ORG,26.059896,85.627757,MC PATNA,11,Bagmati Adhwara,Ganga,PATNA,22,180,22180
237,4723,EAST AND NORTH EAST INDIA,2,BIHAR,203,203BHR0260,BIHAR,20303,MUZAFFARPUR,20303023,Gaighat,2030302306,BENIBAD,2.0303E+12,ORG,26.14,85.69,MC PATNA,11,Bagmati Adhwara,Ganga,PATNA,22,180,22180
239,4725,EAST AND NORTH EAST INDIA,2,BIHAR,203,203BHR0261,BIHAR,20303,MUZAFFARPUR,20303023,Gaighat,2030302306,GAIGHAT,2.0303E+12,ORG,26.1326,85.6557,MC PATNA,11,Bagmati Adhwara,Ganga,PATNA,22,180,22180
241,4727,EAST AND NORTH EAST INDIA,2,BIHAR,203,203BHR0263,BIHAR,20303,MUZAFFARPUR,20303023,Katra,2030302308,KATRA,2.0303E+12,ORG,26.22174,85.637256,MC PATNA,11,Bagmati Adhwara,Ganga,PATNA,22,180,22180
339,4825,EAST AND NORTH EAST INDIA,2,BIHAR,203,203BHR0387,BIHAR,20303,SAMASTIPUR,20303030,Rosera,2030303012,BIBHUTIPUR,2.0303E+12,ORG,25.748794,86.039097,MC PATNA,11,Bagmati Adhwara,Ganga,PATNA,22,180,22180
340,4826,EAST AND NORTH EAST INDIA,2,BIHAR,203,203BHR0379,BIHAR,20303,SAMASTIPUR,20303030,Bithan,2030303002,BITHAN,2.0303E+12,ORG,25.7001,86.294721,MC PATNA,11,Bagmati Adhwara,Ganga,PATNA,22,180,22180
350,4836,EAST AND NORTH EAST INDIA,2,BIHAR,203,203BHR0388,BIHAR,20303,SAMASTIPUR,20303030,Rosera,2030303012,ROSERA,2.0303E+12,ORG,25.75,86.033333,MC PATNA,11,Bagmati Adhwara,Ganga,PATNA,22,180,22180
353,4839,EAST AND NORTH EAST INDIA,2,BIHAR,203,203BHR0390,BIHAR,20303,SAMASTIPUR,20303030,Shivaji Nagar,2030303015,SHIVJINAGAR,2.0303E+12,ORG,25.891766,86.021136,MC PATNA,11,Bagmati Adhwara,Ganga,PATNA,22,180,22180
354,4840,EAST AND NORTH EAST INDIA,2,BIHAR,203,203BHR0391,BIHAR,20303,SAMASTIPUR,20303030,Singhia,2030303016,SINGHIA,2.0303E+12,ORG,25.839593,86.170435,MC PATNA,11,Bagmati Adhwara,Ganga,PATNA,22,180,22180
377,4863,EAST AND NORTH EAST INDIA,2,BIHAR,203,203BHR0417,BIHAR,20303,SHEOHAR,20303033,Piprahi,2030303302,PIPRAHI,2.0303E+12,ORG,26.5642,85.3265,MC PATNA,11,Bagmati Adhwara,Ganga,PATNA,22,180,22180
378,4864,EAST AND NORTH EAST INDIA,2,BIHAR,203,203BHR0418,BIHAR,20303,SHEOHAR,20303033,Purnahiya,2030303303,PURNAHIA,2.0303E+12,ORG,26.6221,85.3256,MC PATNA,11,Bagmati Adhwara,Ganga,PATNA,22,180,22180
381,4867,EAST AND NORTH EAST INDIA,2,BIHAR,203,203BHR0421,BIHAR,20303,SITAMARHI,20303034,Bairgania,2030303401,BAIRGANIA,2.0303E+12,ORG,26.75,85.283333,MC PATNA,11,Bagmati Adhwara,Ganga,PATNA,22,180,22180
382,4868,EAST AND NORTH EAST INDIA,2,BIHAR,203,203BHR0422,BIHAR,20303,SITAMARHI,20303034,Bairgania,2030303401,DHENGBRIDGE,2.0303E+12,ORG,26.716667,85.316667,MC PATNA,11,Bagmati Adhwara,Ganga,PATNA,22,180,22180
383,4869,EAST AND NORTH EAST INDIA,2,BIHAR,203,203BHR0423,BIHAR,20303,SITAMARHI,20303034,Bajpatti,2030303402,BAJPATTI,2.0303E+12,ORG,26.550942,85.624731,MC PATNA,11,Bagmati Adhwara,Ganga,PATNA,22,180,22180
384,4870,EAST AND NORTH EAST INDIA,2,BIHAR,203,203BHR0424,BIHAR,20303,SITAMARHI,20303034,Bathnaha,2030303403,BATHNAHA,2.0303E+12,ORG,26.63324,85.572779,MC PATNA,11,Bagmati Adhwara,Ganga,PATNA,22,180,22180
385,4871,EAST AND NORTH EAST INDIA,2,BIHAR,203,203BHR0425,BIHAR,20303,SITAMARHI,20303034,Belsand,2030303404,BELSAND,2.0303E+12,ORG,26.433333,85.4,MC PATNA,11,Bagmati Adhwara,Ganga,PATNA,22,180,22180
386,4872,EAST AND NORTH EAST INDIA,2,BIHAR,203,203BHR0426,BIHAR,20303,SITAMARHI,20303034,Bokhara,2030303405,BOKHARA,2.0303E+12,ORG,26.35,85.66,MC PATNA,11,Bagmati Adhwara,Ganga,PATNA,22,180,22180
387,4873,EAST AND NORTH EAST INDIA,2,BIHAR,203,203BHR0427,BIHAR,20303,SITAMARHI,20303034,Charaut,2030303406,CHARAUT,2.0303E+12,ORG,26.5344,85.794692,MC PATNA,11,Bagmati Adhwara,Ganga,PATNA,22,180,22180
388,4874,EAST AND NORTH EAST INDIA,2,BIHAR,203,203BHR0428,BIHAR,20303,SITAMARHI,20303034,Dumra,2030303407,DUMRA,2.0303E+12,ORG,26.563899,85.518254,MC PATNA,11,Bagmati Adhwara,Ganga,PATNA,22,180,22180
389,4875,EAST AND NORTH EAST INDIA,2,BIHAR,203,203BHR0429,BIHAR,20303,SITAMARHI,20303034,Majorganj,2030303408,MEJORGANJ,2.0303E+12,ORG,26.74,85.43,MC PATNA,11,Bagmati Adhwara,Ganga,PATNA,22,180,22180
390,4876,EAST AND NORTH EAST INDIA,2,BIHAR,203,203BHR0430,BIHAR,20303,SITAMARHI,20303034,Nanpur,2030303409,NANPUR,2.0303E+12,ORG,26.437177,85.655521,MC PATNA,11,Bagmati Adhwara,Ganga,PATNA,22,180,22180
391,4877,EAST AND NORTH EAST INDIA,2,BIHAR,203,203BHR0431,BIHAR,20303,SITAMARHI,20303034,Parihar,2030303410,SURSAND,2.0303E+12,ORG,26.65,85.716667,MC PATNA,11,Bagmati Adhwara,Ganga,PATNA,22,180,22180
392,4878,EAST AND NORTH EAST INDIA,2,BIHAR,203,203BHR0432,BIHAR,20303,SITAMARHI,20303034,Pupri,2030303412,PUPARI,2.0303E+12,ORG,26.4636,85.6997,MC PATNA,11,Bagmati Adhwara,Ganga,PATNA,22,180,22180
393,4879,EAST AND NORTH EAST INDIA,2,BIHAR,203,203BHR0433,BIHAR,20303,SITAMARHI,20303034,Runisaidpur,2030303414,RUNNISAIDPUR,2.0303E+12,ORG,26.38888,85.50512,MC PATNA,11,Bagmati Adhwara,Ganga,PATNA,22,180,22180
394,4880,EAST AND NORTH EAST INDIA,2,BIHAR,203,203BHR0434,BIHAR,20303,SITAMARHI,20303034,Sonbarsa,2030303415,SONBARSA,2.0303E+12,ORG,26.833333,85.6,MC PATNA,11,Bagmati Adhwara,Ganga,PATNA,22,180,22180
10,4496,EAST AND NORTH EAST INDIA,2,BIHAR,203,203BHR0026,BIHAR,20303,BANKA,20303004,Amarpur,2030300401,AMARPUR,2.0303E+12,ORG,25.0397,86.9036,MC PATNA,11,Chandan,Ganga,PATNA,22,183,22183
15,4501,EAST AND NORTH EAST INDIA,2,BIHAR,203,203BHR0027,BIHAR,20303,BANKA,20303004,Banka,2030300402,BANKA,2.0303E+12,ORG,24.883333,86.933333,MC PATNA,11,Chandan,Ganga,PATNA,22,183,22183
16,4502,EAST AND NORTH EAST INDIA,2,BIHAR,203,203BHR0028,BIHAR,20303,BANKA,20303004,Banka,2030300402,BARAHAT,2.0303E+12,ORG,24.9,87,MC PATNA,11,Chandan,Ganga,PATNA,22,183,22183
19,4505,EAST AND NORTH EAST INDIA,2,BIHAR,203,203BHR0030,BIHAR,20303,BANKA,20303004,Bausi,2030300404,BAUSI,2.0303E+12,ORG,24.8129,87.0449,MC PATNA,11,Chandan,Ganga,PATNA,22,183,22183
21,4507,EAST AND NORTH EAST INDIA,2,BIHAR,203,203BHR0032,BIHAR,20303,BANKA,20303004,Belhar,2030300405,BELHAR,2.0303E+12,ORG,24.9278,86.5931,MC PATNA,11,Chandan,Ganga,PATNA,22,183,22183
23,4509,EAST AND NORTH EAST INDIA,2,BIHAR,203,203BHR0031,BIHAR,20303,BANKA,20303004,Bausi,2030300404,BOUNSI,2.0303E+12,ORG,24.8,87,MC PATNA,11,Chandan,Ganga,PATNA,22,183,22183
24,4510,EAST AND NORTH EAST INDIA,2,BIHAR,203,203BHR0033,BIHAR,20303,BANKA,20303004,Chanan,2030300406,CHANDAN,2.0303E+12,ORG,24.6152,86.6687,MC PATNA,11,Chandan,Ganga,PATNA,22,183,22183
29,4515,EAST AND NORTH EAST INDIA,2,BIHAR,203,203BHR0034,BIHAR,20303,BANKA,20303004,Dhuraiya,2030300407,DHAURAIYA,2.0303E+12,ORG,25,87.1,MC PATNA,11,Chandan,Ganga,PATNA,22,183,22183
30,4516,EAST AND NORTH EAST INDIA,2,BIHAR,203,203BHR0029,BIHAR,20303,BANKA,20303004,Banka,2030300402,FULLIDUMAR,2.0303E+12,ORG,24.9,86.9,MC PATNA,11,Chandan,Ganga,PATNA,22,183,22183
32,4518,EAST AND NORTH EAST INDIA,2,BIHAR,203,203BHR0035,BIHAR,20303,BANKA,20303004,Dhuraiya,2030300407,GHURRIYA,2.0303E+12,ORG,24.98,87.13,MC PATNA,11,Chandan,Ganga,PATNA,22,183,22183
36,4522,EAST AND NORTH EAST INDIA,2,BIHAR,203,203BHR0036,BIHAR,20303,BANKA,20303004,Kotoria,2030300408,KATORIA,2.0303E+12,ORG,24.75,86.716667,MC PATNA,11,Chandan,Ganga,PATNA,22,183,22183
48,4534,EAST AND NORTH EAST INDIA,2,BIHAR,203,203BHR0037,BIHAR,20303,BANKA,20303004,Rajaun,2030300410,RAJOUN,2.0303E+12,ORG,25,87,MC PATNA,11,Chandan,Ganga,PATNA,22,183,22183
50,4536,EAST AND NORTH EAST INDIA,2,BIHAR,203,203BHR0038,BIHAR,20303,BANKA,20303004,Shambhuganj,2030300411,SHAMBHUGANJ,2.0303E+12,ORG,25.0831,86.7273,MC PATNA,11,Chandan,Ganga,PATNA,22,183,22183
51,4537,EAST AND NORTH EAST INDIA,2,BIHAR,203,203BHR0063,BIHAR,20303,BHAGALPUR,20303007,Jagdishpur,2030300706,BHAGALPUR,2.0303E+12,ORG,25.233333,86.95,MC PATNA,11,Chandan,Ganga,PATNA,22,183,22183
52,4538,EAST AND NORTH EAST INDIA,2,BIHAR,203,203BHR0060,BIHAR,20303,BHAGALPUR,20303007,Bihpur,2030300701,BIHPUR,2.0303E+12,ORG,25.333333,86.916667,MC PATNA,11,Chandan,Ganga,PATNA,22,183,22183
53,4539,EAST AND NORTH EAST INDIA,2,BIHAR,203,203BHR0066,BIHAR,20303,BHAGALPUR,20303007,Pirpainti,2030300711,COLGAON,2.0303E+12,ORG,25.266667,87.383333,MC PATNA,11,Chandan,Ganga,PATNA,22,183,22183
55,4541,EAST AND NORTH EAST INDIA,2,BIHAR,203,203BHR0061,BIHAR,20303,BHAGALPUR,20303007,Colgong,2030300702,KALHALGAON,2.0303E+12,ORG,25.2614,87.2465,MC PATNA,11,Chandan,Ganga,PATNA,22,183,22183
56,4542,EAST AND NORTH EAST INDIA,2,BIHAR,203,203BHR0065,BIHAR,20303,BHAGALPUR,20303007,Nathangar,2030300710,NATHNAGAR,2.0303E+12,ORG,25.226735,86.93566,MC PATNA,11,Chandan,Ganga,PATNA,22,183,22183
58,4544,EAST AND NORTH EAST INDIA,2,BIHAR,203,203BHR0067,BIHAR,20303,BHAGALPUR,20303007,Pirpainti,2030300711,PIRPAITI,2.0303E+12,ORG,25.2982,87.4271,MC PATNA,11,Chandan,Ganga,PATNA,22,183,22183
59,4545,EAST AND NORTH EAST INDIA,2,BIHAR,203,203BHR0068,BIHAR,20303,BHAGALPUR,20303007,Sabour,2030300713,SABOUR,2.0303E+12,ORG,25.233333,87.066667,MC PATNA,11,Chandan,Ganga,PATNA,22,183,22183
60,4546,EAST AND NORTH EAST INDIA,2,BIHAR,203,203BHR0069,BIHAR,20303,BHAGALPUR,20303007,Shahkund,2030300714,SHAHKUND,2.0303E+12,ORG,25.15753,86.820717,MC PATNA,11,Chandan,Ganga,PATNA,22,183,22183
61,4547,EAST AND NORTH EAST INDIA,2,BIHAR,203,203BHR0070,BIHAR,20303,BHAGALPUR,20303007,Sonhaula,2030300715,SONHAULA,2.0303E+12,ORG,25.0964,87.1614,MC PATNA,11,Chandan,Ganga,PATNA,22,183,22183
62,4548,EAST AND NORTH EAST INDIA,2,BIHAR,203,203BHR0071,BIHAR,20303,BHAGALPUR,20303007,Sultanganj,2030300716,SULTANGANJ,2.0303E+12,ORG,25.246,86.7501,MC PATNA,11,Chandan,Ganga,PATNA,22,183,22183
165,4651,EAST AND NORTH EAST INDIA,2,BIHAR,203,203BHR0186,BIHAR,20303,KATIHAR,20303016,Barari,2030301604,BARARI,2.0303E+12,ORG,25.45,87.45,MC PATNA,11,Chandan,Ganga,PATNA,22,183,22183
171,4657,EAST AND NORTH EAST INDIA,2,BIHAR,203,203BHR0192,BIHAR,20303,KATIHAR,20303016,Manihari,2030301613,MANIHARI,2.0303E+12,ORG,25.333333,87.616667,MC PATNA,11,Chandan,Ganga,PATNA,22,183,22183
180,4666,EAST AND NORTH EAST INDIA,2,BIHAR,203,203BHR0201,BIHAR,20303,KHAGARIA,20303017,Khagaria,2030301705,KHAGARIA,2.0303E+12,ORG,25.507949,86.490343,MC PATNA,11,Chandan,Ganga,PATNA,22,183,22183
181,4667,EAST AND NORTH EAST INDIA,2,BIHAR,203,203BHR0202,BIHAR,20303,KHAGARIA,20303017,Mansi,2030301706,MANSI,2.0303E+12,ORG,25.50774,86.552911,MC PATNA,11,Chandan,Ganga,PATNA,22,183,22183
182,4668,EAST AND NORTH EAST INDIA,2,BIHAR,203,203BHR0203,BIHAR,20303,KHAGARIA,20303017,Parbatta,2030301707,PARBATTA,2.0303E+12,ORG,25.316,86.719,MC PATNA,11,Chandan,Ganga,PATNA,22,183,22183
200,4686,EAST AND NORTH EAST INDIA,2,BIHAR,203,203BHR0221,BIHAR,20303,LAKHISARAI,20303019,Surajgarha,2030301907,SURYAGADHA,2.0303E+12,ORG,25.25,86.23,MC PATNA,11,Chandan,Ganga,PATNA,22,183,22183
228,4714,EAST AND NORTH EAST INDIA,2,BIHAR,203,203BHR0249,BIHAR,20303,MUNGER,20303022,Asarganj,2030302201,ASARGANJ,2.0303E+12,ORG,25.1588,86.692,MC PATNA,11,Chandan,Ganga,PATNA,22,183,22183
229,4715,EAST AND NORTH EAST INDIA,2,BIHAR,203,203BHR0250,BIHAR,20303,MUNGER,20303022,Bariarpur,2030302202,BARIARPUR,2.0303E+12,ORG,25.284,86.5746,MC PATNA,11,Chandan,Ganga,PATNA,22,183,22183
230,4716,EAST AND NORTH EAST INDIA,2,BIHAR,203,203BHR0252,BIHAR,20303,MUNGER,20303022,Dharhara,2030302203,DHARHARA,2.0303E+12,ORG,25.25,86.49,MC PATNA,11,Chandan,Ganga,PATNA,22,183,22183
231,4717,EAST AND NORTH EAST INDIA,2,BIHAR,203,203BHR0253,BIHAR,20303,MUNGER,20303022,Munger,2030302206,MONGHYR,2.0303E+12,ORG,25.383333,86.466667,MC PATNA,11,Chandan,Ganga,PATNA,22,183,22183
232,4718,EAST AND NORTH EAST INDIA,2,BIHAR,203,203BHR0254,BIHAR,20303,MUNGER,20303022,Munger,2030302206,SADAR MUNGER,2.0303E+12,ORG,25.370727,86.499069,MC PATNA,11,Chandan,Ganga,PATNA,22,183,22183
233,4719,EAST AND NORTH EAST INDIA,2,BIHAR,203,203BHR0251,BIHAR,20303,MUNGER,20303022,Bariarpur,2030302202,SANGRAMPUR,2.0303E+12,ORG,25.26,86.56,MC PATNA,11,Chandan,Ganga,PATNA,22,183,22183
234,4720,EAST AND NORTH EAST INDIA,2,BIHAR,203,203BHR0255,BIHAR,20303,MUNGER,20303022,Tarapur,2030302208,TARAPUR,2.0303E+12,ORG,25.09,86.66,MC PATNA,11,Chandan,Ganga,PATNA,22,183,22183
462,4948,EAST AND NORTH EAST INDIA,2,JHARKHAND,205,205JHR0069,JHARKHAND,20504,GODDA,20504009,Boarijor,2050400902,BOARIJORE,2.0504E+12,ORG,25.05,87.47,MC RANCHI,13,Chandan,Ganga,PATNA,22,183,22183
463,4949,EAST AND NORTH EAST INDIA,2,JHARKHAND,205,205JHR0070,JHARKHAND,20504,GODDA,20504009,Godda,2050400903,GODDA,2.0504E+12,ORG,24.833333,87.216667,MC RANCHI,13,Chandan,Ganga,PATNA,22,183,22183
464,4950,EAST AND NORTH EAST INDIA,2,JHARKHAND,205,205JHR0071,JHARKHAND,20504,GODDA,20504009,Godda,2050400903,GODDA KVK AWS,2.0504E+12,AWS,24.8486,87.2047,MC RANCHI,13,Chandan,Ganga,PATNA,22,183,22183
465,4951,EAST AND NORTH EAST INDIA,2,JHARKHAND,205,205JHR0072,JHARKHAND,20504,GODDA,20504009,Mahagama,2050400904,MEHGAWAN,2.0504E+12,ORG,25.05,87.316667,MC RANCHI,13,Chandan,Ganga,PATNA,22,183,22183
466,4952,EAST AND NORTH EAST INDIA,2,JHARKHAND,205,205JHR0073,JHARKHAND,20504,GODDA,20504009,Pathargama,2050400906,PATHARGAMA,2.0504E+12,ORG,24.95,87.266667,MC RANCHI,13,Chandan,Ganga,PATNA,22,183,22183
488,4974,EAST AND NORTH EAST INDIA,2,JHARKHAND,205,205JHR0161,JHARKHAND,20504,SAHIBGANJ,20504021,Borio,2050402103,BORIO,2.0504E+12,ORG,25.03,87.59,MC RANCHI,13,Chandan,Ganga,PATNA,22,183,22183
489,4975,EAST AND NORTH EAST INDIA,2,JHARKHAND,205,205JHR0162,JHARKHAND,20504,SAHIBGANJ,20504021,Rajmahal,2050402106,RAJMAHAL,2.0504E+12,ORG,25.05,87.833333,MC RANCHI,13,Chandan,Ganga,PATNA,22,183,22183
490,4976,EAST AND NORTH EAST INDIA,2,JHARKHAND,205,205JHR0163,JHARKHAND,20504,SAHIBGANJ,20504021,Sahibganj,2050402107,SAHIBGANJ KVK AWS,2.0504E+12,AWS,25.2355,87.6617,MC RANCHI,13,Chandan,Ganga,PATNA,22,183,22183
14,4500,EAST AND NORTH EAST INDIA,2,BIHAR,203,203BHR0040,BIHAR,20303,BEGUSARAI,20303005,Bakhri,2030300502,BAKHARI,2.0303E+12,ORG,25.6083,86.2698,MC PATNA,11,Gandak,Ganga,PATNA,22,184,22184
20,4506,EAST AND NORTH EAST INDIA,2,BIHAR,203,203BHR0041,BIHAR,20303,BEGUSARAI,20303005,Begusarai,2030300505,BEGUSARAI,2.0303E+12,ORG,25.442439,86.139293,MC PATNA,11,Gandak,Ganga,PATNA,22,184,22184
22,4508,EAST AND NORTH EAST INDIA,2,BIHAR,203,203BHR0043,BIHAR,20303,BEGUSARAI,20303005,Bhagwanpur,2030300506,BHAGWANPUR,2.0303E+12,ORG,25.54356,86.008219,MC PATNA,11,Gandak,Ganga,PATNA,22,184,22184
25,4511,EAST AND NORTH EAST INDIA,2,BIHAR,203,203BHR0045,BIHAR,20303,BEGUSARAI,20303005,Cheria bariarpur,2030300509,CHERIA B.PUR 1,2.0303E+12,ORG,25.583333,86.083333,MC PATNA,11,Gandak,Ganga,PATNA,22,184,22184
26,4512,EAST AND NORTH EAST INDIA,2,BIHAR,203,203BHR0046,BIHAR,20303,BEGUSARAI,20303005,Chhorahi,2030300510,CHHAURAHI,2.0303E+12,ORG,25.692197,86.104078,MC PATNA,11,Gandak,Ganga,PATNA,22,184,22184
31,4517,EAST AND NORTH EAST INDIA,2,BIHAR,203,203BHR0044,BIHAR,20303,BEGUSARAI,20303005,Carhpura,2030300508,GARHPURA,2.0303E+12,ORG,25.66,86.18,MC PATNA,11,Gandak,Ganga,PATNA,22,184,22184
38,4524,EAST AND NORTH EAST INDIA,2,BIHAR,203,203BHR0047,BIHAR,20303,BEGUSARAI,20303005,Khudabandpur,2030300512,KODAWANPUR/C.B II,2.0303E+12,ORG,25.67,86.03,MC PATNA,11,Gandak,Ganga,PATNA,22,184,22184
44,4530,EAST AND NORTH EAST INDIA,2,BIHAR,203,203BHR0042,BIHAR,20303,BEGUSARAI,20303005,Begusarai,2030300505,NAWKOTHI,2.0303E+12,ORG,25.414919,86.136695,MC PATNA,11,Gandak,Ganga,PATNA,22,184,22184
89,4575,EAST AND NORTH EAST INDIA,2,BIHAR,203,203BHR0107,BIHAR,20303,EAST CHAMPARAN,20303011,Adapur,2030301101,ADAPUR,2.0303E+12,ORG,26.93,84.94,MC PATNA,11,Gandak,Ganga,PATNA,22,184,22184
90,4576,EAST AND NORTH EAST INDIA,2,BIHAR,203,203BHR0114,BIHAR,20303,EAST CHAMPARAN,20303011,Kalyanpur,2030301110,AHIRWALIA,2.0303E+12,ORG,26.383333,85.033333,MC PATNA,11,Gandak,Ganga,PATNA,22,184,22184
91,4577,EAST AND NORTH EAST INDIA,2,BIHAR,203,203BHR0108,BIHAR,20303,EAST CHAMPARAN,20303011,Areraj,2030301102,ARERAJ,2.0303E+12,ORG,26.55,84.66,MC PATNA,11,Gandak,Ganga,PATNA,22,184,22184
92,4578,EAST AND NORTH EAST INDIA,2,BIHAR,203,203BHR0109,BIHAR,20303,EAST CHAMPARAN,20303011,Banjaria,2030301103,BANJARIA,2.0303E+12,ORG,26.66,84.91,MC PATNA,11,Gandak,Ganga,PATNA,22,184,22184
93,4579,EAST AND NORTH EAST INDIA,2,BIHAR,203,203BHR0111,BIHAR,20303,EAST CHAMPARAN,20303011,Chakia(pipra),2030301105,CHAKIA,2.0303E+12,ORG,26.41,85.04,MC PATNA,11,Gandak,Ganga,PATNA,22,184,22184
94,4580,EAST AND NORTH EAST INDIA,2,BIHAR,203,203BHR0123,BIHAR,20303,EAST CHAMPARAN,20303011,Sangrampur,2030301124,CHATIA,2.0303E+12,ORG,26.483333,84.666667,MC PATNA,11,Gandak,Ganga,PATNA,22,184,22184
95,4581,EAST AND NORTH EAST INDIA,2,BIHAR,203,203BHR0112,BIHAR,20303,EAST CHAMPARAN,20303011,Dhaka,2030301107,DHAKA,2.0303E+12,ORG,26.6711,85.1566,MC PATNA,11,Gandak,Ganga,PATNA,22,184,22184
96,4582,EAST AND NORTH EAST INDIA,2,BIHAR,203,203BHR0113,BIHAR,20303,EAST CHAMPARAN,20303011,Harsidhi,2030301109,HARSIDHI,2.0303E+12,ORG,26.67,84.72,MC PATNA,11,Gandak,Ganga,PATNA,22,184,22184
97,4583,EAST AND NORTH EAST INDIA,2,BIHAR,203,203BHR0115,BIHAR,20303,EAST CHAMPARAN,20303011,Kalyanpur,2030301110,KALYANPUR,2.0303E+12,ORG,26.43,84.93,MC PATNA,11,Gandak,Ganga,PATNA,22,184,22184
98,4584,EAST AND NORTH EAST INDIA,2,BIHAR,203,203BHR0116,BIHAR,20303,EAST CHAMPARAN,20303011,Kesaria,2030301111,KESSARIAH,2.0303E+12,ORG,26.366667,84.883333,MC PATNA,11,Gandak,Ganga,PATNA,22,184,22184
99,4585,EAST AND NORTH EAST INDIA,2,BIHAR,203,203BHR0120,BIHAR,20303,EAST CHAMPARAN,20303011,Paharpur,2030301117,KOTWA,2.0303E+12,ORG,26.57,84.6,MC PATNA,11,Gandak,Ganga,PATNA,22,184,22184
100,4586,EAST AND NORTH EAST INDIA,2,BIHAR,203,203BHR0118,BIHAR,20303,EAST CHAMPARAN,20303011,Motihari,2030301115,LALBEGIAGHAT,2.0303E+12,ORG,26.666667,85,MC PATNA,11,Gandak,Ganga,PATNA,22,184,22184
101,4587,EAST AND NORTH EAST INDIA,2,BIHAR,203,203BHR0117,BIHAR,20303,EAST CHAMPARAN,20303011,Mehsi,2030301114,MAHEDI/MEHSHI,2.0303E+12,ORG,26.366667,85.116667,MC PATNA,11,Gandak,Ganga,PATNA,22,184,22184
102,4588,EAST AND NORTH EAST INDIA,2,BIHAR,203,203BHR0110,BIHAR,20303,EAST CHAMPARAN,20303011,Banjaria,2030301103,MOTIHARI,2.0303E+12,ORG,26.666667,84.916667,MC PATNA,11,Gandak,Ganga,PATNA,22,184,22184
103,4589,EAST AND NORTH EAST INDIA,2,BIHAR,203,203BHR0121,BIHAR,20303,EAST CHAMPARAN,20303011,Patahi,2030301119,PATAHI,2.0303E+12,ORG,26.57,85.15,MC PATNA,11,Gandak,Ganga,PATNA,22,184,22184
104,4590,EAST AND NORTH EAST INDIA,2,BIHAR,203,203BHR0119,BIHAR,20303,EAST CHAMPARAN,20303011,Motihari,2030301115,PIPRAKOTHI,2.0303E+12,ORG,26.648623,84.923914,MC PATNA,11,Gandak,Ganga,PATNA,22,184,22184
105,4591,EAST AND NORTH EAST INDIA,2,BIHAR,203,203BHR0122,BIHAR,20303,EAST CHAMPARAN,20303011,Raxaul,2030301123,RAXUAL,2.0303E+12,ORG,26.9818,84.843,MC PATNA,11,Gandak,Ganga,PATNA,22,184,22184
106,4592,EAST AND NORTH EAST INDIA,2,BIHAR,203,203BHR0124,BIHAR,20303,EAST CHAMPARAN,20303011,Sangrampur,2030301124,SANGRAMPUR,2.0303E+12,ORG,26.49,84.68,MC PATNA,11,Gandak,Ganga,PATNA,22,184,22184
107,4593,EAST AND NORTH EAST INDIA,2,BIHAR,203,203BHR0125,BIHAR,20303,EAST CHAMPARAN,20303011,Sugauli,2030301125,SUGAULI,2.0303E+12,ORG,26.7605,84.7431,MC PATNA,11,Gandak,Ganga,PATNA,22,184,22184
108,4594,EAST AND NORTH EAST INDIA,2,BIHAR,203,203BHR0126,BIHAR,20303,EAST CHAMPARAN,20303011,Turkaulia,2030301127,TURKAULIA,2.0303E+12,ORG,26.61,84.82,MC PATNA,11,Gandak,Ganga,PATNA,22,184,22184
134,4620,EAST AND NORTH EAST INDIA,2,BIHAR,203,203BHR0153,BIHAR,20303,GOPALGANJ,20303013,Baikunthpur,2030301301,BAITUNTHPUR,2.0303E+12,ORG,26.2686,84.7463,MC PATNA,11,Gandak,Ganga,PATNA,22,184,22184
135,4621,EAST AND NORTH EAST INDIA,2,BIHAR,203,203BHR0154,BIHAR,20303,GOPALGANJ,20303013,Barauli,2030301302,BARAULI,2.0303E+12,ORG,26.38,84.58,MC PATNA,11,Gandak,Ganga,PATNA,22,184,22184
136,4622,EAST AND NORTH EAST INDIA,2,BIHAR,203,203BHR0156,BIHAR,20303,GOPALGANJ,20303013,Bhorey,2030301303,BHORE,2.0303E+12,ORG,26.445391,84.114115,MC PATNA,11,Gandak,Ganga,PATNA,22,184,22184
137,4623,EAST AND NORTH EAST INDIA,2,BIHAR,203,203BHR0157,BIHAR,20303,GOPALGANJ,20303013,Bijaipur,2030301304,BIJAIPUR,2.0303E+12,ORG,26.46504,83.990336,MC PATNA,11,Gandak,Ganga,PATNA,22,184,22184
138,4624,EAST AND NORTH EAST INDIA,2,BIHAR,203,203BHR0158,BIHAR,20303,GOPALGANJ,20303013,Gopalganj,2030301305,GOPALGANJ,2.0303E+12,ORG,26.466667,84.45,MC PATNA,11,Gandak,Ganga,PATNA,22,184,22184
139,4625,EAST AND NORTH EAST INDIA,2,BIHAR,203,203BHR0159,BIHAR,20303,GOPALGANJ,20303013,Hathua,2030301306,HATHWA,2.0303E+12,ORG,26.366667,84.316667,MC PATNA,11,Gandak,Ganga,PATNA,22,184,22184
140,4626,EAST AND NORTH EAST INDIA,2,BIHAR,203,203BHR0160,BIHAR,20303,GOPALGANJ,20303013,Katiya,2030301307,KATAIYA,2.0303E+12,ORG,26.56,84.08,MC PATNA,11,Gandak,Ganga,PATNA,22,184,22184
141,4627,EAST AND NORTH EAST INDIA,2,BIHAR,203,203BHR0161,BIHAR,20303,GOPALGANJ,20303013,Kuchaikote,2030301308,KUCCHAIKOT,2.0303E+12,ORG,26.5593,84.3241,MC PATNA,11,Gandak,Ganga,PATNA,22,184,22184
142,4628,EAST AND NORTH EAST INDIA,2,BIHAR,203,203BHR0162,BIHAR,20303,GOPALGANJ,20303013,Pach deuri,2030301310,PACHDEURI,2.0303E+12,ORG,26.586007,84.159797,MC PATNA,11,Gandak,Ganga,PATNA,22,184,22184
143,4629,EAST AND NORTH EAST INDIA,2,BIHAR,203,203BHR0163,BIHAR,20303,GOPALGANJ,20303013,Phulwaria,2030301311,PHULWARIA,2.0303E+12,ORG,26.461733,84.246868,MC PATNA,11,Gandak,Ganga,PATNA,22,184,22184
144,4630,EAST AND NORTH EAST INDIA,2,BIHAR,203,203BHR0164,BIHAR,20303,GOPALGANJ,20303013,Thawe,2030301313,THAWE,2.0303E+12,ORG,26.431745,84.396957,MC PATNA,11,Gandak,Ganga,PATNA,22,184,22184
145,4631,EAST AND NORTH EAST INDIA,2,BIHAR,203,203BHR0165,BIHAR,20303,GOPALGANJ,20303013,Uchkagaon,2030301314,UCHAKAGAON,2.0303E+12,ORG,26.44549,84.286637,MC PATNA,11,Gandak,Ganga,PATNA,22,184,22184
238,4724,EAST AND NORTH EAST INDIA,2,BIHAR,203,203BHR0259,BIHAR,20303,MUZAFFARPUR,20303023,Bochaha,2030302304,BOCHAHA,2.0303E+12,ORG,26.163783,85.468464,MC PATNA,11,Gandak,Ganga,PATNA,22,184,22184
240,4726,EAST AND NORTH EAST INDIA,2,BIHAR,203,203BHR0262,BIHAR,20303,MUZAFFARPUR,20303023,Kanti,2030302307,KANTI,2.0303E+12,ORG,26.202586,85.291106,MC PATNA,11,Gandak,Ganga,PATNA,22,184,22184
242,4728,EAST AND NORTH EAST INDIA,2,BIHAR,203,203BHR0264,BIHAR,20303,MUZAFFARPUR,20303023,Kurhani,2030302309,KURHANI,2.0303E+12,ORG,26.0342,85.3466,MC PATNA,11,Gandak,Ganga,PATNA,22,184,22184
243,4729,EAST AND NORTH EAST INDIA,2,BIHAR,203,203BHR0265,BIHAR,20303,MUZAFFARPUR,20303023,Minapur,2030302311,MINAPUR,2.0303E+12,ORG,26.25,85.333333,MC PATNA,11,Gandak,Ganga,PATNA,22,184,22184
244,4730,EAST AND NORTH EAST INDIA,2,BIHAR,203,203BHR0258,BIHAR,20303,MUZAFFARPUR,20303023,Baruraj (motipur),2030302303,MOTIPUR,2.0303E+12,ORG,26.270056,85.160256,MC PATNA,11,Gandak,Ganga,PATNA,22,184,22184
245,4731,EAST AND NORTH EAST INDIA,2,BIHAR,203,203BHR0266,BIHAR,20303,MUZAFFARPUR,20303023,Musahari,2030302312,MURAUL,2.0303E+12,ORG,26.125683,85.379872,MC PATNA,11,Gandak,Ganga,PATNA,22,184,22184
246,4732,EAST AND NORTH EAST INDIA,2,BIHAR,203,203BHR0270,BIHAR,20303,MUZAFFARPUR,20303023,Sakra,2030302315,MUSHARI,2.0303E+12,ORG,25.916667,85.5,MC PATNA,11,Gandak,Ganga,PATNA,22,184,22184
247,4733,EAST AND NORTH EAST INDIA,2,BIHAR,203,203BHR0267,BIHAR,20303,MUZAFFARPUR,20303023,Musahari,2030302312,MUZAFFARPUR,2.0303E+12,ORG,26.116667,85.4,MC PATNA,11,Gandak,Ganga,PATNA,22,184,22184
248,4734,EAST AND NORTH EAST INDIA,2,BIHAR,203,203BHR0271,BIHAR,20303,MUZAFFARPUR,20303023,Saraiya,2030302316,REWAGHAT,2.0303E+12,ORG,26.001,85.04,MC PATNA,11,Gandak,Ganga,PATNA,22,184,22184
249,4735,EAST AND NORTH EAST INDIA,2,BIHAR,203,203BHR0269,BIHAR,20303,MUZAFFARPUR,20303023,Sahebganj,2030302314,SAHEBGANJ,2.0303E+12,ORG,26.3,84.933333,MC PATNA,11,Gandak,Ganga,PATNA,22,184,22184
250,4736,EAST AND NORTH EAST INDIA,2,BIHAR,203,203BHR0268,BIHAR,20303,MUZAFFARPUR,20303023,Paroo,2030302313,SARAIYA,2.0303E+12,ORG,26.15,85.04,MC PATNA,11,Gandak,Ganga,PATNA,22,184,22184
341,4827,EAST AND NORTH EAST INDIA,2,BIHAR,203,203BHR0380,BIHAR,20303,SAMASTIPUR,20303030,Dalsinghsarai,2030303003,DALSINGHSARAI,2.0303E+12,ORG,25.6716,85.8404,MC PATNA,11,Gandak,Ganga,PATNA,22,184,22184
343,4829,EAST AND NORTH EAST INDIA,2,BIHAR,203,203BHR0381,BIHAR,20303,SAMASTIPUR,20303030,Kalyanpur,2030303005,KALYANPUR,2.0303E+12,ORG,25.962032,85.788052,MC PATNA,11,Gandak,Ganga,PATNA,22,184,22184
344,4830,EAST AND NORTH EAST INDIA,2,BIHAR,203,203BHR0382,BIHAR,20303,SAMASTIPUR,20303030,Khanpur,2030303006,KHANPUR,2.0303E+12,ORG,25.85916,85.944985,MC PATNA,11,Gandak,Ganga,PATNA,22,184,22184
345,4831,EAST AND NORTH EAST INDIA,2,BIHAR,203,203BHR0383,BIHAR,20303,SAMASTIPUR,20303030,Mohanpur,2030303007,MOHANPUR,2.0303E+12,ORG,25.586218,85.583238,MC PATNA,11,Gandak,Ganga,PATNA,22,184,22184
346,4832,EAST AND NORTH EAST INDIA,2,BIHAR,203,203BHR0385,BIHAR,20303,SAMASTIPUR,20303030,Mohiuddinagar,2030303008,MOHIUDDINNAGAR,2.0303E+12,ORG,25.598411,85.695327,MC PATNA,11,Gandak,Ganga,PATNA,22,184,22184
347,4833,EAST AND NORTH EAST INDIA,2,BIHAR,203,203BHR0392,BIHAR,20303,SAMASTIPUR,20303030,Tajpur,2030303017,MORWA/TAJPUR,2.0303E+12,ORG,25.85,85.683333,MC PATNA,11,Gandak,Ganga,PATNA,22,184,22184
348,4834,EAST AND NORTH EAST INDIA,2,BIHAR,203,203BHR0386,BIHAR,20303,SAMASTIPUR,20303030,Patori,2030303010,PATORI,2.0303E+12,ORG,25.6339,85.5933,MC PATNA,11,Gandak,Ganga,PATNA,22,184,22184
349,4835,EAST AND NORTH EAST INDIA,2,BIHAR,203,203BHR0396,BIHAR,20303,SAMASTIPUR,20303030,Warisnagar,2030303020,PUSA,2.0303E+12,ORG,25.916667,85.833333,MC PATNA,11,Gandak,Ganga,PATNA,22,184,22184
351,4837,EAST AND NORTH EAST INDIA,2,BIHAR,203,203BHR0397,BIHAR,20303,SAMASTIPUR,20303030,Warisnagar,2030303020,SAMASTIPUR,2.0303E+12,ORG,25.866667,85.8,MC PATNA,11,Gandak,Ganga,PATNA,22,184,22184
352,4838,EAST AND NORTH EAST INDIA,2,BIHAR,203,203BHR0389,BIHAR,20303,SAMASTIPUR,20303030,Sarairanjan,2030303014,SARAIRANJAN,2.0303E+12,ORG,25.757726,85.71945,MC PATNA,11,Gandak,Ganga,PATNA,22,184,22184
355,4841,EAST AND NORTH EAST INDIA,2,BIHAR,203,203BHR0393,BIHAR,20303,SAMASTIPUR,20303030,Tajpur,2030303017,TAJPUR,2.0303E+12,ORG,25.854713,85.667136,MC PATNA,11,Gandak,Ganga,PATNA,22,184,22184
356,4842,EAST AND NORTH EAST INDIA,2,BIHAR,203,203BHR0394,BIHAR,20303,SAMASTIPUR,20303030,Ujlarpur,2030303018,UJIARPUR,2.0303E+12,ORG,25.768708,85.797517,MC PATNA,11,Gandak,Ganga,PATNA,22,184,22184
358,4844,EAST AND NORTH EAST INDIA,2,BIHAR,203,203BHR0398,BIHAR,20303,SAMASTIPUR,20303030,Warisnagar,2030303020,WARISNAGAR,2.0303E+12,ORG,25.933066,85.868128,MC PATNA,11,Gandak,Ganga,PATNA,22,184,22184
359,4845,EAST AND NORTH EAST INDIA,2,BIHAR,203,203BHR0399,BIHAR,20303,SARAN,20303031,Chapra,2030303103,CHAPRA,2.0303E+12,ORG,25.783333,84.733333,MC PATNA,11,Gandak,Ganga,PATNA,22,184,22184
361,4847,EAST AND NORTH EAST INDIA,2,BIHAR,203,203BHR0402,BIHAR,20303,SARAN,20303031,Ishupur,2030303108,ISHUAPUR,2.0303E+12,ORG,26.03,84.79,MC PATNA,11,Gandak,Ganga,PATNA,22,184,22184
362,4848,EAST AND NORTH EAST INDIA,2,BIHAR,203,203BHR0404,BIHAR,20303,SARAN,20303031,Marhaura,2030303113,JALALPUR,2.0303E+12,ORG,25.916667,84.75,MC PATNA,11,Gandak,Ganga,PATNA,22,184,22184
363,4849,EAST AND NORTH EAST INDIA,2,BIHAR,203,203BHR0403,BIHAR,20303,SARAN,20303031,Manjhi,2030303112,MANGHI,2.0303E+12,ORG,25.8309,84.5809,MC PATNA,11,Gandak,Ganga,PATNA,22,184,22184
364,4850,EAST AND NORTH EAST INDIA,2,BIHAR,203,203BHR0405,BIHAR,20303,SARAN,20303031,Marhaura,2030303113,MARHAURA/AMNAUR,2.0303E+12,ORG,25.966667,84.866667,MC PATNA,11,Gandak,Ganga,PATNA,22,184,22184
365,4851,EAST AND NORTH EAST INDIA,2,BIHAR,203,203BHR0406,BIHAR,20303,SARAN,20303031,Mashrakh,2030303114,MARSRAKH,2.0303E+12,ORG,26.116667,84.8,MC PATNA,11,Gandak,Ganga,PATNA,22,184,22184
366,4852,EAST AND NORTH EAST INDIA,2,BIHAR,203,203BHR0407,BIHAR,20303,SARAN,20303031,Panapur,2030303116,PANAPUR,2.0303E+12,ORG,26.13,84.85,MC PATNA,11,Gandak,Ganga,PATNA,22,184,22184
367,4853,EAST AND NORTH EAST INDIA,2,BIHAR,203,203BHR0401,BIHAR,20303,SARAN,20303031,Garkha,2030303106,PARSA,2.0303E+12,ORG,25.81,84.9,MC PATNA,11,Gandak,Ganga,PATNA,22,184,22184
368,4854,EAST AND NORTH EAST INDIA,2,BIHAR,203,203BHR0408,BIHAR,20303,SARAN,20303031,Taraiya,2030303120,TARAIYA,2.0303E+12,ORG,26.07,84.88,MC PATNA,11,Gandak,Ganga,PATNA,22,184,22184
375,4861,EAST AND NORTH EAST INDIA,2,BIHAR,203,203BHR0415,BIHAR,20303,SHEOHAR,20303033,Dumrri katsarai,2030303301,DUMRI,2.0303E+12,ORG,26.4618,85.2541,MC PATNA,11,Gandak,Ganga,PATNA,22,184,22184
376,4862,EAST AND NORTH EAST INDIA,2,BIHAR,203,203BHR0416,BIHAR,20303,SHEOHAR,20303033,Dumrri katsarai,2030303301,DUMRI KATSARI,2.0303E+12,ORG,26.458562,85.241632,MC PATNA,11,Gandak,Ganga,PATNA,22,184,22184
379,4865,EAST AND NORTH EAST INDIA,2,BIHAR,203,203BHR0419,BIHAR,20303,SHEOHAR,20303033,Sheohar,2030303304,SHEOHAR,2.0303E+12,ORG,26.533333,85.283333,MC PATNA,11,Gandak,Ganga,PATNA,22,184,22184
380,4866,EAST AND NORTH EAST INDIA,2,BIHAR,203,203BHR0420,BIHAR,20303,SHEOHAR,20303033,Tarwani chowk,2030303305,TARIYANI,2.0303E+12,ORG,26.3897,85.3118,MC PATNA,11,Gandak,Ganga,PATNA,22,184,22184
395,4881,EAST AND NORTH EAST INDIA,2,BIHAR,203,203BHR0435,BIHAR,20303,SIWAN,20303035,Andar,2030303501,ANDAR,2.0303E+12,ORG,26.102128,84.290412,MC PATNA,11,Gandak,Ganga,PATNA,22,184,22184
396,4882,EAST AND NORTH EAST INDIA,2,BIHAR,203,203BHR0436,BIHAR,20303,SIWAN,20303035,Barharia,2030303502,BARHARIA,2.0303E+12,ORG,26.313824,84.456975,MC PATNA,11,Gandak,Ganga,PATNA,22,184,22184
397,4883,EAST AND NORTH EAST INDIA,2,BIHAR,203,203BHR0437,BIHAR,20303,SIWAN,20303035,Barharia,2030303502,NAUTAN,2.0303E+12,ORG,26.313824,84.456975,MC PATNA,11,Gandak,Ganga,PATNA,22,184,22184
398,4884,EAST AND NORTH EAST INDIA,2,BIHAR,203,203BHR0438,BIHAR,20303,SIWAN,20303035,Basanthpur,2030303503,BASANTPUR,2.0303E+12,ORG,26.16956,84.663185,MC PATNA,11,Gandak,Ganga,PATNA,22,184,22184
399,4885,EAST AND NORTH EAST INDIA,2,BIHAR,203,203BHR0439,BIHAR,20303,SIWAN,20303035,Bhagwanpur,2030303504,BHAGWANPUR HAT,2.0303E+12,ORG,26.087315,84.680212,MC PATNA,11,Gandak,Ganga,PATNA,22,184,22184
400,4886,EAST AND NORTH EAST INDIA,2,BIHAR,203,203BHR0440,BIHAR,20303,SIWAN,20303035,Darauli,2030303505,DARAULI,2.0303E+12,ORG,26.083333,84.133333,MC PATNA,11,Gandak,Ganga,PATNA,22,184,22184
401,4887,EAST AND NORTH EAST INDIA,2,BIHAR,203,203BHR0441,BIHAR,20303,SIWAN,20303035,Duraundha,2030303506,DURAUNDHA,2.0303E+12,ORG,26.084171,84.459837,MC PATNA,11,Gandak,Ganga,PATNA,22,184,22184
402,4888,EAST AND NORTH EAST INDIA,2,BIHAR,203,203BHR0442,BIHAR,20303,SIWAN,20303035,Duraundha,2030303506,MAHARAJGANJ,2.0303E+12,ORG,26.083333,84.5,MC PATNA,11,Gandak,Ganga,PATNA,22,184,22184
403,4889,EAST AND NORTH EAST INDIA,2,BIHAR,203,203BHR0443,BIHAR,20303,SIWAN,20303035,Goreakothi,2030303507,GORIAKOTHI,2.0303E+12,ORG,26.2644,84.604,MC PATNA,11,Gandak,Ganga,PATNA,22,184,22184
404,4890,EAST AND NORTH EAST INDIA,2,BIHAR,203,203BHR0444,BIHAR,20303,SIWAN,20303035,Guthani,2030303508,GUTHANI,2.0303E+12,ORG,26.1698,84.0462,MC PATNA,11,Gandak,Ganga,PATNA,22,184,22184
405,4891,EAST AND NORTH EAST INDIA,2,BIHAR,203,203BHR0445,BIHAR,20303,SIWAN,20303035,Hasanpura,2030303509,HASANPURA,2.0303E+12,ORG,26.081671,84.36369,MC PATNA,11,Gandak,Ganga,PATNA,22,184,22184
406,4892,EAST AND NORTH EAST INDIA,2,BIHAR,203,203BHR0446,BIHAR,20303,SIWAN,20303035,Hasanpura,2030303509,PACHRUKHI,2.0303E+12,ORG,26.083333,84.416667,MC PATNA,11,Gandak,Ganga,PATNA,22,184,22184
407,4893,EAST AND NORTH EAST INDIA,2,BIHAR,203,203BHR0447,BIHAR,20303,SIWAN,20303035,Hussainganj,2030303510,HUSSAINGANJ,2.0303E+12,ORG,26.14,84.32,MC PATNA,11,Gandak,Ganga,PATNA,22,184,22184
408,4894,EAST AND NORTH EAST INDIA,2,BIHAR,203,203BHR0448,BIHAR,20303,SIWAN,20303035,Jeeradei,2030303511,ZIRADEI,2.0303E+12,ORG,26.215755,84.254384,MC PATNA,11,Gandak,Ganga,PATNA,22,184,22184
409,4895,EAST AND NORTH EAST INDIA,2,BIHAR,203,203BHR0449,BIHAR,20303,SIWAN,20303035,Lakri nabiganj,2030303512,LAKRI NABIGANJ,2.0303E+12,ORG,26.229244,84.712453,MC PATNA,11,Gandak,Ganga,PATNA,22,184,22184
410,4896,EAST AND NORTH EAST INDIA,2,BIHAR,203,203BHR0450,BIHAR,20303,SIWAN,20303035,Marwan,2030303514,MAIRWA,2.0303E+12,ORG,26.235118,84.152443,MC PATNA,11,Gandak,Ganga,PATNA,22,184,22184
411,4897,EAST AND NORTH EAST INDIA,2,BIHAR,203,203BHR0451,BIHAR,20303,SIWAN,20303035,Nautan,2030303515,NAUTAN,2.0303E+12,ORG,26.328514,84.214901,MC PATNA,11,Gandak,Ganga,PATNA,22,184,22184
412,4898,EAST AND NORTH EAST INDIA,2,BIHAR,203,203BHR0452,BIHAR,20303,SIWAN,20303035,Raghunathpur,2030303517,RAGHUNATHPUR,2.0303E+12,ORG,26.001512,84.271248,MC PATNA,11,Gandak,Ganga,PATNA,22,184,22184
413,4899,EAST AND NORTH EAST INDIA,2,BIHAR,203,203BHR0453,BIHAR,20303,SIWAN,20303035,Siswan,2030303518,SISWAN,2.0303E+12,ORG,25.941,84.394,MC PATNA,11,Gandak,Ganga,PATNA,22,184,22184
414,4900,EAST AND NORTH EAST INDIA,2,BIHAR,203,203BHR0454,BIHAR,20303,SIWAN,20303035,Siwan,2030303519,SIWAN SADAR,2.0303E+12,ORG,26.226666,84.346226,MC PATNA,11,Gandak,Ganga,PATNA,22,184,22184
428,4914,EAST AND NORTH EAST INDIA,2,BIHAR,203,203BHR0468,BIHAR,20303,VAISHALI,20303037,Bhagwanpur,2030303701,BHAGWANPUR,2.0303E+12,ORG,25.854089,85.295491,MC PATNA,11,Gandak,Ganga,PATNA,22,184,22184
430,4916,EAST AND NORTH EAST INDIA,2,BIHAR,203,203BHR0470,BIHAR,20303,VAISHALI,20303037,Chehra kalan,2030303703,CHEHARA KALA,2.0303E+12,ORG,25.88873,85.39001,MC PATNA,11,Gandak,Ganga,PATNA,22,184,22184
431,4917,EAST AND NORTH EAST INDIA,2,BIHAR,203,203BHR0471,BIHAR,20303,VAISHALI,20303037,Desri,2030303704,DESRI,2.0303E+12,ORG,25.674554,85.412277,MC PATNA,11,Gandak,Ganga,PATNA,22,184,22184
432,4918,EAST AND NORTH EAST INDIA,2,BIHAR,203,203BHR0472,BIHAR,20303,VAISHALI,20303037,Goranl,2030303705,GORAUL/DOLI,2.0303E+12,ORG,25.93,85.32,MC PATNA,11,Gandak,Ganga,PATNA,22,184,22184
433,4919,EAST AND NORTH EAST INDIA,2,BIHAR,203,203BHR0473,BIHAR,20303,VAISHALI,20303037,Hajipur,2030303706,HAJIPUR,2.0303E+12,ORG,25.7067,85.2218,MC PATNA,11,Gandak,Ganga,PATNA,22,184,22184
434,4920,EAST AND NORTH EAST INDIA,2,BIHAR,203,203BHR0474,BIHAR,20303,VAISHALI,20303037,Hajipur,2030303706,VAISHALI,2.0303E+12,ORG,25.73,85.23,MC PATNA,11,Gandak,Ganga,PATNA,22,184,22184
435,4921,EAST AND NORTH EAST INDIA,2,BIHAR,203,203BHR0475,BIHAR,20303,VAISHALI,20303037,Jandaha,2030303707,JANDHAHA,2.0303E+12,ORG,25.71,85.53,MC PATNA,11,Gandak,Ganga,PATNA,22,184,22184
436,4922,EAST AND NORTH EAST INDIA,2,BIHAR,203,203BHR0476,BIHAR,20303,VAISHALI,20303037,Lalganj,2030303708,LALGANJ,2.0303E+12,ORG,25.854287,85.171626,MC PATNA,11,Gandak,Ganga,PATNA,22,184,22184
437,4923,EAST AND NORTH EAST INDIA,2,BIHAR,203,203BHR0477,BIHAR,20303,VAISHALI,20303037,Mahnar,2030303709,MAHANAR,2.0303E+12,ORG,25.6212,85.4888,MC PATNA,11,Gandak,Ganga,PATNA,22,184,22184
438,4924,EAST AND NORTH EAST INDIA,2,BIHAR,203,203BHR0478,BIHAR,20303,VAISHALI,20303037,Mahua,2030303710,MAHUA,2.0303E+12,ORG,25.8,85.4,MC PATNA,11,Gandak,Ganga,PATNA,22,184,22184
439,4925,EAST AND NORTH EAST INDIA,2,BIHAR,203,203BHR0479,BIHAR,20303,VAISHALI,20303037,Mahua,2030303710,RAJAPAKAR,2.0303E+12,ORG,25.775188,85.392058,MC PATNA,11,Gandak,Ganga,PATNA,22,184,22184
440,4926,EAST AND NORTH EAST INDIA,2,BIHAR,203,203BHR0480,BIHAR,20303,VAISHALI,20303037,Patepur,2030303711,PATEPUR,2.0303E+12,ORG,25.8729,85.5433,MC PATNA,11,Gandak,Ganga,PATNA,22,184,22184
442,4928,EAST AND NORTH EAST INDIA,2,BIHAR,203,203BHR0482,BIHAR,20303,VAISHALI,20303037,Sahdai buzurg,2030303715,SAHDEI BUZURG,2.0303E+12,ORG,25.66,85.46,MC PATNA,11,Gandak,Ganga,PATNA,22,184,22184
443,4929,EAST AND NORTH EAST INDIA,2,BIHAR,203,203BHR0483,BIHAR,20303,WEST CHAMPARAN,20303038,Bagaha,2030303801,BAGAHA,2.0303E+12,ORG,27.1,84.1,MC PATNA,11,Gandak,Ganga,PATNA,22,184,22184
444,4930,EAST AND NORTH EAST INDIA,2,BIHAR,203,203BHR0484,BIHAR,20303,WEST CHAMPARAN,20303038,Bettiah,2030303803,BETTIAH,2.0303E+12,ORG,26.8009,84.5217,MC PATNA,11,Gandak,Ganga,PATNA,22,184,22184
445,4931,EAST AND NORTH EAST INDIA,2,BIHAR,203,203BHR0485,BIHAR,20303,WEST CHAMPARAN,20303038,Chanpatia,2030303805,CHANPATIA,2.0303E+12,ORG,26.95,84.516667,MC PATNA,11,Gandak,Ganga,PATNA,22,184,22184
446,4932,EAST AND NORTH EAST INDIA,2,BIHAR,203,203BHR0486,BIHAR,20303,WEST CHAMPARAN,20303038,Gaunaha,2030303806,GAUNAHA,2.0303E+12,ORG,27.35,84.516667,MC PATNA,11,Gandak,Ganga,PATNA,22,184,22184
447,4933,EAST AND NORTH EAST INDIA,2,BIHAR,203,203BHR0487,BIHAR,20303,WEST CHAMPARAN,20303038,Lauriya,2030303808,LAURIA NANDANGARH,2.0303E+12,ORG,26.9932,84.4096,MC PATNA,11,Gandak,Ganga,PATNA,22,184,22184
448,4934,EAST AND NORTH EAST INDIA,2,BIHAR,203,203BHR0488,BIHAR,20303,WEST CHAMPARAN,20303038,Madhubani,2030303809,MADHUBANI,2.0303E+12,ORG,26.925669,84.059418,MC PATNA,11,Gandak,Ganga,PATNA,22,184,22184
449,4935,EAST AND NORTH EAST INDIA,2,BIHAR,203,203BHR0489,BIHAR,20303,WEST CHAMPARAN,20303038,Nautan,2030303813,NAUTAN,2.0303E+12,ORG,26.7122,84.4804,MC PATNA,11,Gandak,Ganga,PATNA,22,184,22184
450,4936,EAST AND NORTH EAST INDIA,2,BIHAR,203,203BHR0490,BIHAR,20303,WEST CHAMPARAN,20303038,Ramnagar,2030303815,RAMNAGAR,2.0303E+12,ORG,27.166667,84.316667,MC PATNA,11,Gandak,Ganga,PATNA,22,184,22184
451,4937,EAST AND NORTH EAST INDIA,2,BIHAR,203,203BHR0491,BIHAR,20303,WEST CHAMPARAN,20303038,Sidhaw,2030303816,TRIBENI/BALMIKINAGAR,2.0303E+12,ORG,27.416667,83.916667,MC PATNA,11,Gandak,Ganga,PATNA,22,184,22184
452,4938,EAST AND NORTH EAST INDIA,2,BIHAR,203,203BHR0492,BIHAR,20303,WEST CHAMPARAN,20303038,Sikta,2030303817,SIKTA,2.0303E+12,ORG,27.0226,84.683,MC PATNA,11,Gandak,Ganga,PATNA,22,184,22184
453,4939,EAST AND NORTH EAST INDIA,2,BIHAR,203,203BHR0493,BIHAR,20303,WEST CHAMPARAN,20303038,Thakrahan,2030303818,THAKRAHAN,2.0303E+12,ORG,26.769,84.2648,MC PATNA,11,Gandak,Ganga,PATNA,22,184,22184
522,5008,NORTH WEST INDIA,3,EAST UTTAR PRADESH,303,303EUP0023,UTTAR PRADESH,30309,BALLIA,30309006,Bansdih,3030900603,BANSDIH,3.0309E+12,ORG,25.876993,84.217592,MC LUCKNOW,10,Gandak,Ganga,PATNA,22,184,22184
523,5009,NORTH WEST INDIA,3,EAST UTTAR PRADESH,303,303EUP0024,UTTAR PRADESH,30309,BALLIA,30309006,Belthara Road,3030900604,TURTIPAR,3.0309E+12,ORG,26.13257,83.86703,MC LUCKNOW,10,Gandak,Ganga,PATNA,22,184,22184
524,5010,NORTH WEST INDIA,3,EAST UTTAR PRADESH,303,303EUP0060,UTTAR PRADESH,30309,DEORIA,30309014,Salempur,3030901405,SALEMPUR,3.0309E+12,ORG,26.305439,83.922232,MC LUCKNOW,10,Gandak,Ganga,PATNA,22,184,22184
525,5011,NORTH WEST INDIA,3,EAST UTTAR PRADESH,303,303EUP0121,UTTAR PRADESH,30309,KUSHI NAGAR,30309027,Hata,3030902701,HATA,3.0309E+12,ORG,26.743011,83.745909,MC LUCKNOW,10,Gandak,Ganga,PATNA,22,184,22184
526,5012,NORTH WEST INDIA,3,EAST UTTAR PRADESH,303,303EUP0122,UTTAR PRADESH,30309,KUSHI NAGAR,30309027,Padrauna,3030902703,PADRAUNA,3.0309E+12,ORG,26.88633,83.97339,MC LUCKNOW,10,Gandak,Ganga,PATNA,22,184,22184
13,4499,EAST AND NORTH EAST INDIA,2,BIHAR,203,203BHR0039,BIHAR,20303,BEGUSARAI,20303005,Bachhwara,2030300501,BACHWARA,2.0303E+12,ORG,25.5726,85.899,MC PATNA,11,Kiul,Ganga,PATNA,22,186,22186
17,4503,EAST AND NORTH EAST INDIA,2,BIHAR,203,203BHR0050,BIHAR,20303,BEGUSARAI,20303005,Teghra,2030300518,BARAUNI,2.0303E+12,ORG,25.46,85.98,MC PATNA,11,Kiul,Ganga,PATNA,22,186,22186
42,4528,EAST AND NORTH EAST INDIA,2,BIHAR,203,203BHR0048,BIHAR,20303,BEGUSARAI,20303005,Matihani,2030300513,MATIYANI,2.0303E+12,ORG,25.36,86.16,MC PATNA,11,Kiul,Ganga,PATNA,22,186,22186
49,4535,EAST AND NORTH EAST INDIA,2,BIHAR,203,203BHR0049,BIHAR,20303,BEGUSARAI,20303005,Sahebpur kamal,2030300516,SAHEBPUR KANAL,2.0303E+12,ORG,25.41,86.39,MC PATNA,11,Kiul,Ganga,PATNA,22,186,22186
110,4596,EAST AND NORTH EAST INDIA,2,BIHAR,203,203BHR0127,BIHAR,20303,GAYA,20303012,Atri,2030301201,ATRI,2.0303E+12,ORG,24.93308,85.200346,MC PATNA,11,Kiul,Ganga,PATNA,22,186,22186
112,4598,EAST AND NORTH EAST INDIA,2,BIHAR,203,203BHR0130,BIHAR,20303,GAYA,20303012,Barachatti,2030301203,BARACHATTI,2.0303E+12,ORG,24.5036,85.0172,MC PATNA,11,Kiul,Ganga,PATNA,22,186,22186
114,4600,EAST AND NORTH EAST INDIA,2,BIHAR,203,203BHR0133,BIHAR,20303,GAYA,20303012,Bodh gaya,2030301205,BODH GAYA,2.0303E+12,ORG,24.718982,85.000767,MC PATNA,11,Kiul,Ganga,PATNA,22,186,22186
115,4601,EAST AND NORTH EAST INDIA,2,BIHAR,203,203BHR0134,BIHAR,20303,GAYA,20303012,Dobhi,2030301206,DOBHI,2.0303E+12,ORG,24.529228,84.913289,MC PATNA,11,Kiul,Ganga,PATNA,22,186,22186
117,4603,EAST AND NORTH EAST INDIA,2,BIHAR,203,203BHR0136,BIHAR,20303,GAYA,20303012,Fatehpur,2030301208,FATEHPUR,2.0303E+12,ORG,24.6269,85.2113,MC PATNA,11,Kiul,Ganga,PATNA,22,186,22186
122,4608,EAST AND NORTH EAST INDIA,2,BIHAR,203,203BHR0143,BIHAR,20303,GAYA,20303012,Khizirslrai,2030301213,KHIZIRSARAI,2.0303E+12,ORG,24.964,85.092,MC PATNA,11,Kiul,Ganga,PATNA,22,186,22186
124,4610,EAST AND NORTH EAST INDIA,2,BIHAR,203,203BHR0145,BIHAR,20303,GAYA,20303012,Manpur,2030301215,MANPUR,2.0303E+12,ORG,24.79981,85.032149,MC PATNA,11,Kiul,Ganga,PATNA,22,186,22186
125,4611,EAST AND NORTH EAST INDIA,2,BIHAR,203,203BHR0146,BIHAR,20303,GAYA,20303012,Mohanpur,2030301216,MOHANPUR,2.0303E+12,ORG,24.57836,85.085036,MC PATNA,11,Kiul,Ganga,PATNA,22,186,22186
126,4612,EAST AND NORTH EAST INDIA,2,BIHAR,203,203BHR0128,BIHAR,20303,GAYA,20303012,Atri,2030301201,MOHRA,2.0303E+12,ORG,24.933052,85.20035,MC PATNA,11,Kiul,Ganga,PATNA,22,186,22186
128,4614,EAST AND NORTH EAST INDIA,2,BIHAR,203,203BHR0147,BIHAR,20303,GAYA,20303012,Neem chak bathani,2030301218,NEEM CHAK BATHANI,2.0303E+12,ORG,24.99,85.26,MC PATNA,11,Kiul,Ganga,PATNA,22,186,22186
131,4617,EAST AND NORTH EAST INDIA,2,BIHAR,203,203BHR0150,BIHAR,20303,GAYA,20303012,Tan kuppa,2030301222,TANKUPPA,2.0303E+12,ORG,24.70705,85.133512,MC PATNA,11,Kiul,Ganga,PATNA,22,186,22186
133,4619,EAST AND NORTH EAST INDIA,2,BIHAR,203,203BHR0152,BIHAR,20303,GAYA,20303012,Wazirganj,2030301224,WAZIRGANJ,2.0303E+12,ORG,24.8017,85.2325,MC PATNA,11,Kiul,Ganga,PATNA,22,186,22186
147,4633,EAST AND NORTH EAST INDIA,2,BIHAR,203,203BHR0166,BIHAR,20303,JAHANABAD,20303014,Hulasganj,2030301402,HULASGANJ,2.0303E+12,ORG,25.086405,85.149279,MC PATNA,11,Kiul,Ganga,PATNA,22,186,22186
153,4639,EAST AND NORTH EAST INDIA,2,BIHAR,203,203BHR0173,BIHAR,20303,JAMUI,20303015,Barhat,2030301501,BARHAT,2.0303E+12,ORG,25.00256,86.286868,MC PATNA,11,Kiul,Ganga,PATNA,22,186,22186
154,4640,EAST AND NORTH EAST INDIA,2,BIHAR,203,203BHR0179,BIHAR,20303,JAMUI,20303015,Khaira,2030301507,GARHI,2.0303E+12,ORG,24.78,86.08,MC PATNA,11,Kiul,Ganga,PATNA,22,186,22186
155,4641,EAST AND NORTH EAST INDIA,2,BIHAR,203,203BHR0176,BIHAR,20303,JAMUI,20303015,Gidhaur,2030301503,GIDHAUR,2.0303E+12,ORG,24.854408,86.307703,MC PATNA,11,Kiul,Ganga,PATNA,22,186,22186
156,4642,EAST AND NORTH EAST INDIA,2,BIHAR,203,203BHR0177,BIHAR,20303,JAMUI,20303015,Islamnagar aliganj,2030301504,ISLAMNAGAR ALIGANJ,2.0303E+12,ORG,24.948126,85.919753,MC PATNA,11,Kiul,Ganga,PATNA,22,186,22186
157,4643,EAST AND NORTH EAST INDIA,2,BIHAR,203,203BHR0174,BIHAR,20303,JAMUI,20303015,Barhat,2030301501,JAMUI,2.0303E+12,ORG,24.933333,86.3,MC PATNA,11,Kiul,Ganga,PATNA,22,186,22186
158,4644,EAST AND NORTH EAST INDIA,2,BIHAR,203,203BHR0178,BIHAR,20303,JAMUI,20303015,Jhajha,2030301506,JHAJHA,2.0303E+12,ORG,24.77,86.37,MC PATNA,11,Kiul,Ganga,PATNA,22,186,22186
159,4645,EAST AND NORTH EAST INDIA,2,BIHAR,203,203BHR0180,BIHAR,20303,JAMUI,20303015,Khaira,2030301507,KHAIRA,2.0303E+12,ORG,24.829162,86.196947,MC PATNA,11,Kiul,Ganga,PATNA,22,186,22186
160,4646,EAST AND NORTH EAST INDIA,2,BIHAR,203,203BHR0181,BIHAR,20303,JAMUI,20303015,Laksbimpur,2030301508,LAXMIPUR,2.0303E+12,ORG,25.0068,86.3961,MC PATNA,11,Kiul,Ganga,PATNA,22,186,22186
161,4647,EAST AND NORTH EAST INDIA,2,BIHAR,203,203BHR0182,BIHAR,20303,JAMUI,20303015,Sikandra,2030301509,SIKANDARA,2.0303E+12,ORG,24.9621,86.0344,MC PATNA,11,Kiul,Ganga,PATNA,22,186,22186
162,4648,EAST AND NORTH EAST INDIA,2,BIHAR,203,203BHR0183,BIHAR,20303,JAMUI,20303015,Sono,2030301510,SONO,2.0303E+12,ORG,24.666667,86.25,MC PATNA,11,Kiul,Ganga,PATNA,22,186,22186
194,4680,EAST AND NORTH EAST INDIA,2,BIHAR,203,203BHR0220,BIHAR,20303,LAKHISARAI,20303019,Ramgarh chowk,2030301906,ARIARI,2.0303E+12,ORG,25.07,86.08,MC PATNA,11,Kiul,Ganga,PATNA,22,186,22186
195,4681,EAST AND NORTH EAST INDIA,2,BIHAR,203,203BHR0215,BIHAR,20303,LAKHISARAI,20303019,Barahiya,2030301901,BARHIYA,2.0303E+12,ORG,25.28,86.016667,MC PATNA,11,Kiul,Ganga,PATNA,22,186,22186
196,4682,EAST AND NORTH EAST INDIA,2,BIHAR,203,203BHR0218,BIHAR,20303,LAKHISARAI,20303019,Lakhisaraj,2030301904,CHANAN,2.0303E+12,ORG,25.0688,86.1642,MC PATNA,11,Kiul,Ganga,PATNA,22,186,22186
197,4683,EAST AND NORTH EAST INDIA,2,BIHAR,203,203BHR0216,BIHAR,20303,LAKHISARAI,20303019,Halsi,2030301902,HALSI,2.0303E+12,ORG,25.03,86.05,MC PATNA,11,Kiul,Ganga,PATNA,22,186,22186
198,4684,EAST AND NORTH EAST INDIA,2,BIHAR,203,203BHR0217,BIHAR,20303,LAKHISARAI,20303019,Lakhisarai,2030301903,LAKHISARAI,2.0303E+12,ORG,25.185,86.1,MC PATNA,11,Kiul,Ganga,PATNA,22,186,22186
199,4685,EAST AND NORTH EAST INDIA,2,BIHAR,203,203BHR0219,BIHAR,20303,LAKHISARAI,20303019,Pipariya,2030301905,PIPARIYA,2.0303E+12,ORG,25.236395,86.140578,MC PATNA,11,Kiul,Ganga,PATNA,22,186,22186
251,4737,EAST AND NORTH EAST INDIA,2,BIHAR,203,203BHR0272,BIHAR,20303,NALANDA,20303024,Asthawan,2030302401,ASTHAWAN,2.0303E+12,ORG,25.215063,85.625244,MC PATNA,11,Kiul,Ganga,PATNA,22,186,22186
252,4738,EAST AND NORTH EAST INDIA,2,BIHAR,203,203BHR0273,BIHAR,20303,NALANDA,20303024,Ben,2030302402,BEN,2.0303E+12,ORG,25.158299,85.364812,MC PATNA,11,Kiul,Ganga,PATNA,22,186,22186
253,4739,EAST AND NORTH EAST INDIA,2,BIHAR,203,203BHR0275,BIHAR,20303,NALANDA,20303024,Bihar,2030302403,BIHAR SHRIF,2.0303E+12,ORG,25.207006,85.523934,MC PATNA,11,Kiul,Ganga,PATNA,22,186,22186
254,4740,EAST AND NORTH EAST INDIA,2,BIHAR,203,203BHR0276,BIHAR,20303,NALANDA,20303024,Bind,2030302404,BIND,2.0303E+12,ORG,25.306091,85.693867,MC PATNA,11,Kiul,Ganga,PATNA,22,186,22186
255,4741,EAST AND NORTH EAST INDIA,2,BIHAR,203,203BHR0277,BIHAR,20303,NALANDA,20303024,Chandi,2030302405,CHANDI,2.0303E+12,ORG,25.319383,85.409987,MC PATNA,11,Kiul,Ganga,PATNA,22,186,22186
256,4742,EAST AND NORTH EAST INDIA,2,BIHAR,203,203BHR0278,BIHAR,20303,NALANDA,20303024,Ekangarsarai,2030302406,EKANGERSARAI,2.0303E+12,ORG,25.216667,85.233333,MC PATNA,11,Kiul,Ganga,PATNA,22,186,22186
257,4743,EAST AND NORTH EAST INDIA,2,BIHAR,203,203BHR0279,BIHAR,20303,NALANDA,20303024,Giriak,2030302407,GIRIYAK,2.0303E+12,ORG,25.0286,85.529,MC PATNA,11,Kiul,Ganga,PATNA,22,186,22186
258,4744,EAST AND NORTH EAST INDIA,2,BIHAR,203,203BHR0280,BIHAR,20303,NALANDA,20303024,Harnaut,2030302408,HARNAUT,2.0303E+12,ORG,25.36,85.53,MC PATNA,11,Kiul,Ganga,PATNA,22,186,22186
259,4745,EAST AND NORTH EAST INDIA,2,BIHAR,203,203BHR0281,BIHAR,20303,NALANDA,20303024,Hilsa,2030302409,HILSA,2.0303E+12,ORG,25.306158,85.277412,MC PATNA,11,Kiul,Ganga,PATNA,22,186,22186
260,4746,EAST AND NORTH EAST INDIA,2,BIHAR,203,203BHR0282,BIHAR,20303,NALANDA,20303024,Islampur,2030302410,ISLAMPUR,2.0303E+12,ORG,25.15,85.216667,MC PATNA,11,Kiul,Ganga,PATNA,22,186,22186
261,4747,EAST AND NORTH EAST INDIA,2,BIHAR,203,203BHR0283,BIHAR,20303,NALANDA,20303024,Karai parsurai,2030302411,KARAI PARSURAI,2.0303E+12,ORG,25.385945,85.282755,MC PATNA,11,Kiul,Ganga,PATNA,22,186,22186
262,4748,EAST AND NORTH EAST INDIA,2,BIHAR,203,203BHR0284,BIHAR,20303,NALANDA,20303024,Katrisarai,2030302412,KATRISARAI,2.0303E+12,ORG,25.079955,85.635618,MC PATNA,11,Kiul,Ganga,PATNA,22,186,22186
263,4749,EAST AND NORTH EAST INDIA,2,BIHAR,203,203BHR0285,BIHAR,20303,NALANDA,20303024,Nagar nausa,2030302413,NANGAR NAUSA,2.0303E+12,ORG,25.395666,85.347153,MC PATNA,11,Kiul,Ganga,PATNA,22,186,22186
264,4750,EAST AND NORTH EAST INDIA,2,BIHAR,203,203BHR0286,BIHAR,20303,NALANDA,20303024,Noorsarai,2030302414,NOORSARAI,2.0303E+12,ORG,25.265438,85.458347,MC PATNA,11,Kiul,Ganga,PATNA,22,186,22186
265,4751,EAST AND NORTH EAST INDIA,2,BIHAR,203,203BHR0287,BIHAR,20303,NALANDA,20303024,Parbalpur,2030302415,PARBALPUR,2.0303E+12,ORG,25.211644,85.362821,MC PATNA,11,Kiul,Ganga,PATNA,22,186,22186
266,4752,EAST AND NORTH EAST INDIA,2,BIHAR,203,203BHR0288,BIHAR,20303,NALANDA,20303024,Rahui,2030302416,RAHUI,2.0303E+12,ORG,25.264581,85.554853,MC PATNA,11,Kiul,Ganga,PATNA,22,186,22186
267,4753,EAST AND NORTH EAST INDIA,2,BIHAR,203,203BHR0289,BIHAR,20303,NALANDA,20303024,Rajgir,2030302417,RAJGIR,2.0303E+12,ORG,25.02,85.42,MC PATNA,11,Kiul,Ganga,PATNA,22,186,22186
268,4754,EAST AND NORTH EAST INDIA,2,BIHAR,203,203BHR0290,BIHAR,20303,NALANDA,20303024,Sarmera,2030302418,SARMERA,2.0303E+12,ORG,25.2604,85.8001,MC PATNA,11,Kiul,Ganga,PATNA,22,186,22186
269,4755,EAST AND NORTH EAST INDIA,2,BIHAR,203,203BHR0291,BIHAR,20303,NALANDA,20303024,Silao,2030302419,SILAO,2.0303E+12,ORG,25.080122,85.432128,MC PATNA,11,Kiul,Ganga,PATNA,22,186,22186
270,4756,EAST AND NORTH EAST INDIA,2,BIHAR,203,203BHR0292,BIHAR,20303,NALANDA,20303024,Tharthari,2030302420,THARTHARI,2.0303E+12,ORG,25.29253,85.378368,MC PATNA,11,Kiul,Ganga,PATNA,22,186,22186
271,4757,EAST AND NORTH EAST INDIA,2,BIHAR,203,203BHR0294,BIHAR,20303,NAWADA,20303025,Hisua,2030302503,AKBARPUR,2.0303E+12,ORG,24.842429,85.418269,MC PATNA,11,Kiul,Ganga,PATNA,22,186,22186
272,4758,EAST AND NORTH EAST INDIA,2,BIHAR,203,203BHR0293,BIHAR,20303,NAWADA,20303025,Gobhindpur,2030302502,GOBINDPUR,2.0303E+12,ORG,24.781188,85.682492,MC PATNA,11,Kiul,Ganga,PATNA,22,186,22186
273,4759,EAST AND NORTH EAST INDIA,2,BIHAR,203,203BHR0299,BIHAR,20303,NAWADA,20303025,Narhat,2030302508,HISUA,2.0303E+12,ORG,24.75,85.416667,MC PATNA,11,Kiul,Ganga,PATNA,22,186,22186
274,4760,EAST AND NORTH EAST INDIA,2,BIHAR,203,203BHR0295,BIHAR,20303,NAWADA,20303025,Kashi chak,2030302504,KASHICHAK,2.0303E+12,ORG,25.067806,85.711113,MC PATNA,11,Kiul,Ganga,PATNA,22,186,22186
275,4761,EAST AND NORTH EAST INDIA,2,BIHAR,203,203BHR0296,BIHAR,20303,NAWADA,20303025,Kawakol,2030302505,KAUWAKOL,2.0303E+12,ORG,24.84,85.88,MC PATNA,11,Kiul,Ganga,PATNA,22,186,22186
276,4762,EAST AND NORTH EAST INDIA,2,BIHAR,203,203BHR0297,BIHAR,20303,NAWADA,20303025,Meskaur,2030302506,MESKAUR,2.0303E+12,ORG,24.737157,85.354563,MC PATNA,11,Kiul,Ganga,PATNA,22,186,22186
277,4763,EAST AND NORTH EAST INDIA,2,BIHAR,203,203BHR0298,BIHAR,20303,NAWADA,20303025,Nardiganj,2030302507,NARDIGANJ,2.0303E+12,ORG,24.941847,85.431075,MC PATNA,11,Kiul,Ganga,PATNA,22,186,22186
278,4764,EAST AND NORTH EAST INDIA,2,BIHAR,203,203BHR0300,BIHAR,20303,NAWADA,20303025,Narhat,2030302508,NARHAT,2.0303E+12,ORG,24.78,85.42,MC PATNA,11,Kiul,Ganga,PATNA,22,186,22186
279,4765,EAST AND NORTH EAST INDIA,2,BIHAR,203,203BHR0301,BIHAR,20303,NAWADA,20303025,Nawada,2030302509,NAWADA,2.0303E+12,ORG,24.87,85.53,MC PATNA,11,Kiul,Ganga,PATNA,22,186,22186
280,4766,EAST AND NORTH EAST INDIA,2,BIHAR,203,203BHR0302,BIHAR,20303,NAWADA,20303025,Pakribarawan,2030302510,PAKRIVARMA,2.0303E+12,ORG,24.952927,85.731058,MC PATNA,11,Kiul,Ganga,PATNA,22,186,22186
281,4767,EAST AND NORTH EAST INDIA,2,BIHAR,203,203BHR0304,BIHAR,20303,NAWADA,20303025,Rajanuli,2030302511,RAJAULI,2.0303E+12,ORG,24.64048,85.495412,MC PATNA,11,Kiul,Ganga,PATNA,22,186,22186
282,4768,EAST AND NORTH EAST INDIA,2,BIHAR,203,203BHR0305,BIHAR,20303,NAWADA,20303025,Roh,2030302512,ROH,2.0303E+12,ORG,24.891567,85.684738,MC PATNA,11,Kiul,Ganga,PATNA,22,186,22186
283,4769,EAST AND NORTH EAST INDIA,2,BIHAR,203,203BHR0306,BIHAR,20303,NAWADA,20303025,Sirdala,2030302513,SIRDALA,2.0303E+12,ORG,24.655707,85.397807,MC PATNA,11,Kiul,Ganga,PATNA,22,186,22186
284,4770,EAST AND NORTH EAST INDIA,2,BIHAR,203,203BHR0307,BIHAR,20303,NAWADA,20303025,Warisaliganj,2030302514,WARISALIGANJ,2.0303E+12,ORG,25.0066,85.6391,MC PATNA,11,Kiul,Ganga,PATNA,22,186,22186
285,4771,EAST AND NORTH EAST INDIA,2,BIHAR,203,203BHR0308,BIHAR,20303,PATNA,20303026,Athmalgola,2030302601,ATHMALGOLA,2.0303E+12,ORG,25.460876,85.601869,MC PATNA,11,Kiul,Ganga,PATNA,22,186,22186
286,4772,EAST AND NORTH EAST INDIA,2,BIHAR,203,203BHR0309,BIHAR,20303,PATNA,20303026,Bakhtiarpur,2030302602,BAKHTIARPUR,2.0303E+12,ORG,25.461108,85.531491,MC PATNA,11,Kiul,Ganga,PATNA,22,186,22186
287,4773,EAST AND NORTH EAST INDIA,2,BIHAR,203,203BHR0311,BIHAR,20303,PATNA,20303026,Belchhi,2030302604,BALCHHI,2.0303E+12,ORG,25.358197,85.654887,MC PATNA,11,Kiul,Ganga,PATNA,22,186,22186
288,4774,EAST AND NORTH EAST INDIA,2,BIHAR,203,203BHR0310,BIHAR,20303,PATNA,20303026,Barh,2030302603,BARH,2.0303E+12,ORG,25.483333,85.716667,MC PATNA,11,Kiul,Ganga,PATNA,22,186,22186
292,4778,EAST AND NORTH EAST INDIA,2,BIHAR,203,203BHR0315,BIHAR,20303,PATNA,20303026,Dhniawan,2030302608,DANIAWAN,2.0303E+12,ORG,25.442218,85.293631,MC PATNA,11,Kiul,Ganga,PATNA,22,186,22186
295,4781,EAST AND NORTH EAST INDIA,2,BIHAR,203,203BHR0318,BIHAR,20303,PATNA,20303026,Fatwah,2030302611,FATUHA,2.0303E+12,ORG,25.5087,85.3004,MC PATNA,11,Kiul,Ganga,PATNA,22,186,22186
296,4782,EAST AND NORTH EAST INDIA,2,BIHAR,203,203BHR0319,BIHAR,20303,PATNA,20303026,Ghoswari,2030302612,HOSWARI,2.0303E+12,ORG,25.356925,85.894829,MC PATNA,11,Kiul,Ganga,PATNA,22,186,22186
297,4783,EAST AND NORTH EAST INDIA,2,BIHAR,203,203BHR0320,BIHAR,20303,PATNA,20303026,Khusrupur,2030302613,KHUSRUPUR,2.0303E+12,ORG,25.483071,85.382342,MC PATNA,11,Kiul,Ganga,PATNA,22,186,22186
300,4786,EAST AND NORTH EAST INDIA,2,BIHAR,203,203BHR0323,BIHAR,20303,PATNA,20303026,Mokameh,2030302616,MOKAMA,2.0303E+12,ORG,25.4029,85.9061,MC PATNA,11,Kiul,Ganga,PATNA,22,186,22186
303,4789,EAST AND NORTH EAST INDIA,2,BIHAR,203,203BHR0326,BIHAR,20303,PATNA,20303026,Pandarak,2030302619,PANDARAK,2.0303E+12,ORG,25.4944,85.793475,MC PATNA,11,Kiul,Ganga,PATNA,22,186,22186
342,4828,EAST AND NORTH EAST INDIA,2,BIHAR,203,203BHR0384,BIHAR,20303,SAMASTIPUR,20303030,Mohiuddinagar,2030303008,HASANPUR,2.0303E+12,ORG,25.5,85.666667,MC PATNA,11,Kiul,Ganga,PATNA,22,186,22186
357,4843,EAST AND NORTH EAST INDIA,2,BIHAR,203,203BHR0395,BIHAR,20303,SAMASTIPUR,20303030,Vidyapati Nagar,2030303019,VIDYAPATI NAGAR,2.0303E+12,ORG,25.599291,85.797657,MC PATNA,11,Kiul,Ganga,PATNA,22,186,22186
369,4855,EAST AND NORTH EAST INDIA,2,BIHAR,203,203BHR0409,BIHAR,20303,SHEIKHPURA,20303032,Ariari,2030303201,ARYARI,2.0303E+12,ORG,25.0454,85.8554,MC PATNA,11,Kiul,Ganga,PATNA,22,186,22186
370,4856,EAST AND NORTH EAST INDIA,2,BIHAR,203,203BHR0412,BIHAR,20303,SHEIKHPURA,20303032,Rarbigha,2030303204,BARBIGHA,2.0303E+12,ORG,25.21,85.74,MC PATNA,11,Kiul,Ganga,PATNA,22,186,22186
371,4857,EAST AND NORTH EAST INDIA,2,BIHAR,203,203BHR0410,BIHAR,20303,SHEIKHPURA,20303032,Chewara,2030303202,CHERWA,2.0303E+12,ORG,25.0798,85.9253,MC PATNA,11,Kiul,Ganga,PATNA,22,186,22186
372,4858,EAST AND NORTH EAST INDIA,2,BIHAR,203,203BHR0411,BIHAR,20303,SHEIKHPURA,20303032,Ghat kusumbha,2030303203,GHAT KUSHUMBA,2.0303E+12,ORG,25.2129,85.9295,MC PATNA,11,Kiul,Ganga,PATNA,22,186,22186
373,4859,EAST AND NORTH EAST INDIA,2,BIHAR,203,203BHR0413,BIHAR,20303,SHEIKHPURA,20303032,Sheikhpura,2030303205,SHEIKHPURA,2.0303E+12,ORG,25.15,85.85,MC PATNA,11,Kiul,Ganga,PATNA,22,186,22186
374,4860,EAST AND NORTH EAST INDIA,2,BIHAR,203,203BHR0414,BIHAR,20303,SHEIKHPURA,20303032,Shekhopur sarai,2030303206,SHEKHOPURA SARAY,2.0303E+12,ORG,25.112934,85.683462,MC PATNA,11,Kiul,Ganga,PATNA,22,186,22186
429,4915,EAST AND NORTH EAST INDIA,2,BIHAR,203,203BHR0469,BIHAR,20303,VAISHALI,20303037,Bidupur,2030303702,BIDUPUR,2.0303E+12,ORG,25.642498,85.334762,MC PATNA,11,Kiul,Ganga,PATNA,22,186,22186
441,4927,EAST AND NORTH EAST INDIA,2,BIHAR,203,203BHR0481,BIHAR,20303,VAISHALI,20303037,Raghopur,2030303713,RAGHOPUR,2.0303E+12,ORG,25.566805,85.347875,MC PATNA,11,Kiul,Ganga,PATNA,22,186,22186
454,4940,EAST AND NORTH EAST INDIA,2,JHARKHAND,205,205JHR0013,JHARKHAND,20504,CHATRA,20504002,Chatra,2050400201,CHATRA,2.0504E+12,ORG,24.2,84.866667,MC RANCHI,13,Kiul,Ganga,PATNA,22,186,22186
455,4941,EAST AND NORTH EAST INDIA,2,JHARKHAND,205,205JHR0014,JHARKHAND,20504,CHATRA,20504002,Chatra,2050400201,CHATRA KVK AWS,2.0504E+12,AWS,24.2014,84.9226,MC RANCHI,13,Kiul,Ganga,PATNA,22,186,22186
456,4942,EAST AND NORTH EAST INDIA,2,JHARKHAND,205,205JHR0015,JHARKHAND,20504,CHATRA,20504002,Ithori,2050400203,PATHALGADA,2.0504E+12,ORG,24.3,85.166667,MC RANCHI,13,Kiul,Ganga,PATNA,22,186,22186
468,4954,EAST AND NORTH EAST INDIA,2,JHARKHAND,205,205JHR0111,JHARKHAND,20504,KODERMA,20504014,Koderma,2050401404,KODERMA,2.0504E+12,ORG,24.45,85.533333,MC RANCHI,13,Kiul,Ganga,PATNA,22,186,22186
1,4487,EAST AND NORTH EAST INDIA,2,BIHAR,203,203BHR0007,BIHAR,20303,ARARIA,20303001,Raniganj,2030300108,ARARIA,2.0303E+12,ORG,26.08,87.23,MC PATNA,11,Kosi,Ganga,PATNA,22,187,22187
2,4488,EAST AND NORTH EAST INDIA,2,BIHAR,203,203BHR0001,BIHAR,20303,ARARIA,20303001,Bhargarna,2030300102,BAHARGAMA,2.0303E+12,ORG,26.05,87.12,MC PATNA,11,Kosi,Ganga,PATNA,22,187,22187
3,4489,EAST AND NORTH EAST INDIA,2,BIHAR,203,203BHR0002,BIHAR,20303,ARARIA,20303001,Bhargarna,2030300102,FORBESGANJ,2.0303E+12,ORG,26.18,87.16,MC PATNA,11,Kosi,Ganga,PATNA,22,187,22187
6,4492,EAST AND NORTH EAST INDIA,2,BIHAR,203,203BHR0005,BIHAR,20303,ARARIA,20303001,Narpatganj,2030300106,NARPATGANJ,2.0303E+12,ORG,26.33,87.1,MC PATNA,11,Kosi,Ganga,PATNA,22,187,22187
8,4494,EAST AND NORTH EAST INDIA,2,BIHAR,203,203BHR0008,BIHAR,20303,ARARIA,20303001,Raniganj,2030300108,RANIGANJ,2.0303E+12,ORG,26.08,87.24,MC PATNA,11,Kosi,Ganga,PATNA,22,187,22187
54,4540,EAST AND NORTH EAST INDIA,2,BIHAR,203,203BHR0062,BIHAR,20303,BHAGALPUR,20303007,Gopalpur,2030300703,GOPALPUR,2.0303E+12,ORG,25.323017,87.179835,MC PATNA,11,Kosi,Ganga,PATNA,22,187,22187
57,4543,EAST AND NORTH EAST INDIA,2,BIHAR,203,203BHR0064,BIHAR,20303,BHAGALPUR,20303007,Nangachhia,2030300708,NAUGACHIA,2.0303E+12,ORG,25.3838,87.0853,MC PATNA,11,Kosi,Ganga,PATNA,22,187,22187
168,4654,EAST AND NORTH EAST INDIA,2,BIHAR,203,203BHR0189,BIHAR,20303,KATIHAR,20303016,Katihar,2030301610,KATIHAR,2.0303E+12,ORG,25.562186,87.552696,MC PATNA,11,Kosi,Ganga,PATNA,22,187,22187
170,4656,EAST AND NORTH EAST INDIA,2,BIHAR,203,203BHR0191,BIHAR,20303,KATIHAR,20303016,Korha,2030301611,KORHA,2.0303E+12,ORG,25.631099,87.399212,MC PATNA,11,Kosi,Ganga,PATNA,22,187,22187
172,4658,EAST AND NORTH EAST INDIA,2,BIHAR,203,203BHR0193,BIHAR,20303,KATIHAR,20303016,Mansahi,2030301614,MANSAHI,2.0303E+12,ORG,25.465142,87.595952,MC PATNA,11,Kosi,Ganga,PATNA,22,187,22187
173,4659,EAST AND NORTH EAST INDIA,2,BIHAR,203,203BHR0194,BIHAR,20303,KATIHAR,20303016,Sameli,2030301616,KURSELA,2.0303E+12,ORG,25.5,87.266667,MC PATNA,11,Kosi,Ganga,PATNA,22,187,22187
175,4661,EAST AND NORTH EAST INDIA,2,BIHAR,203,203BHR0197,BIHAR,20303,KHAGARIA,20303017,Beldaur,2030301702,BALTARA,2.0303E+12,ORG,25.5,86.803333,MC PATNA,11,Kosi,Ganga,PATNA,22,187,22187
176,4662,EAST AND NORTH EAST INDIA,2,BIHAR,203,203BHR0198,BIHAR,20303,KHAGARIA,20303017,Beldaur,2030301702,BELDAUR,2.0303E+12,ORG,25.6031,86.7911,MC PATNA,11,Kosi,Ganga,PATNA,22,187,22187
178,4664,EAST AND NORTH EAST INDIA,2,BIHAR,203,203BHR0200,BIHAR,20303,KHAGARIA,20303017,Gogri,2030301704,GOGRI,2.0303E+12,ORG,25.483333,86.633333,MC PATNA,11,Kosi,Ganga,PATNA,22,187,22187
201,4687,EAST AND NORTH EAST INDIA,2,BIHAR,203,203BHR0222,BIHAR,20303,MADHEPURA,20303020,Alamnagar,2030302001,ALALNAGAR,2.0303E+12,ORG,25.5768,86.9023,MC PATNA,11,Kosi,Ganga,PATNA,22,187,22187
202,4688,EAST AND NORTH EAST INDIA,2,BIHAR,203,203BHR0223,BIHAR,20303,MADHEPURA,20303020,Bihariganj,2030302002,BIHARIGANJ,2.0303E+12,ORG,25.742187,86.990727,MC PATNA,11,Kosi,Ganga,PATNA,22,187,22187
203,4689,EAST AND NORTH EAST INDIA,2,BIHAR,203,203BHR0224,BIHAR,20303,MADHEPURA,20303020,Chausa,2030302003,CHAUSA,2.0303E+12,ORG,25.528,87.0334,MC PATNA,11,Kosi,Ganga,PATNA,22,187,22187
204,4690,EAST AND NORTH EAST INDIA,2,BIHAR,203,203BHR0225,BIHAR,20303,MADHEPURA,20303020,Chausa,2030302003,CHAUSA,2.0303E+12,ORG,25.528012,87.033872,MC PATNA,11,Kosi,Ganga,PATNA,22,187,22187
205,4691,EAST AND NORTH EAST INDIA,2,BIHAR,203,203BHR0226,BIHAR,20303,MADHEPURA,20303020,Gamharia,2030302004,GHANHARIA,2.0303E+12,ORG,26.050957,86.729885,MC PATNA,11,Kosi,Ganga,PATNA,22,187,22187
206,4692,EAST AND NORTH EAST INDIA,2,BIHAR,203,203BHR0227,BIHAR,20303,MADHEPURA,20303020,Ghailarh,2030302005,GHAILADH,2.0303E+12,ORG,25.978089,86.691612,MC PATNA,11,Kosi,Ganga,PATNA,22,187,22187
207,4693,EAST AND NORTH EAST INDIA,2,BIHAR,203,203BHR0228,BIHAR,20303,MADHEPURA,20303020,Gwalpara,2030302006,GUALPARA,2.0303E+12,ORG,25.758721,86.892554,MC PATNA,11,Kosi,Ganga,PATNA,22,187,22187
208,4694,EAST AND NORTH EAST INDIA,2,BIHAR,203,203BHR0230,BIHAR,20303,MADHEPURA,20303020,Kumarkhand,2030302008,KUMARKHAND,2.0303E+12,ORG,26.01,86.99,MC PATNA,11,Kosi,Ganga,PATNA,22,187,22187
209,4695,EAST AND NORTH EAST INDIA,2,BIHAR,203,203BHR0231,BIHAR,20303,MADHEPURA,20303020,Madhepura,2030302009,MADHIPURA,2.0303E+12,ORG,25.916667,86.783333,MC PATNA,11,Kosi,Ganga,PATNA,22,187,22187
210,4696,EAST AND NORTH EAST INDIA,2,BIHAR,203,203BHR0232,BIHAR,20303,MADHEPURA,20303020,Murliganj,2030302010,MURLIGANJ,2.0303E+12,ORG,25.9,87,MC PATNA,11,Kosi,Ganga,PATNA,22,187,22187
211,4697,EAST AND NORTH EAST INDIA,2,BIHAR,203,203BHR0233,BIHAR,20303,MADHEPURA,20303020,Puraini,2030302011,PURAINI,2.0303E+12,ORG,25.59641,86.991597,MC PATNA,11,Kosi,Ganga,PATNA,22,187,22187
212,4698,EAST AND NORTH EAST INDIA,2,BIHAR,203,203BHR0234,BIHAR,20303,MADHEPURA,20303020,Shankarpur,2030302012,SHAKARPURA,2.0303E+12,ORG,26.039034,86.872049,MC PATNA,11,Kosi,Ganga,PATNA,22,187,22187
213,4699,EAST AND NORTH EAST INDIA,2,BIHAR,203,203BHR0235,BIHAR,20303,MADHEPURA,20303020,Singheshwar,2030302013,SINGHESHWAR,2.0303E+12,ORG,25.98,86.79,MC PATNA,11,Kosi,Ganga,PATNA,22,187,22187
214,4700,EAST AND NORTH EAST INDIA,2,BIHAR,203,203BHR0229,BIHAR,20303,MADHEPURA,20303020,Kishanganj,2030302007,UDAI KISHANGANJ,2.0303E+12,ORG,25.678372,86.942731,MC PATNA,11,Kosi,Ganga,PATNA,22,187,22187
215,4701,EAST AND NORTH EAST INDIA,2,BIHAR,203,203BHR0236,BIHAR,20303,MADHUBANI,20303021,Babubarhi,2030302102,ANDHRATHARHI,2.0303E+12,ORG,26.394875,86.324828,MC PATNA,11,Kosi,Ganga,PATNA,22,187,22187
216,4702,EAST AND NORTH EAST INDIA,2,BIHAR,203,203BHR0237,BIHAR,20303,MADHUBANI,20303021,Babubarhi,2030302102,BABUBARHI,2.0303E+12,ORG,26.456426,86.272097,MC PATNA,11,Kosi,Ganga,PATNA,22,187,22187
217,4703,EAST AND NORTH EAST INDIA,2,BIHAR,203,203BHR0243,BIHAR,20303,MADHUBANI,20303021,Ladania,2030302112,BALAN,2.0303E+12,ORG,26.616667,86.333333,MC PATNA,11,Kosi,Ganga,PATNA,22,187,22187
219,4705,EAST AND NORTH EAST INDIA,2,BIHAR,203,203BHR0240,BIHAR,20303,MADHUBANI,20303021,Ghoghardiha,2030302106,GHOGHARDIHA,2.0303E+12,ORG,26.289378,86.464371,MC PATNA,11,Kosi,Ganga,PATNA,22,187,22187
220,4706,EAST AND NORTH EAST INDIA,2,BIHAR,203,203BHR0241,BIHAR,20303,MADHUBANI,20303021,Jainagar,2030302108,JAINAGAR,2.0303E+12,ORG,26.6,86.15,MC PATNA,11,Kosi,Ganga,PATNA,22,187,22187
221,4707,EAST AND NORTH EAST INDIA,2,BIHAR,203,203BHR0242,BIHAR,20303,MADHUBANI,20303021,Jhanjharpur,2030302109,JHANJHARPUR,2.0303E+12,ORG,26.26,86.27,MC PATNA,11,Kosi,Ganga,PATNA,22,187,22187
222,4708,EAST AND NORTH EAST INDIA,2,BIHAR,203,203BHR0245,BIHAR,20303,MADHUBANI,20303021,Madhepur,2030302116,MADHEPUR,2.0303E+12,ORG,26.1738,86.3754,MC PATNA,11,Kosi,Ganga,PATNA,22,187,22187
225,4711,EAST AND NORTH EAST INDIA,2,BIHAR,203,203BHR0244,BIHAR,20303,MADHUBANI,20303021,Laukahi,2030302115,PHULPARAS,2.0303E+12,ORG,26.416667,86.666667,MC PATNA,11,Kosi,Ganga,PATNA,22,187,22187
311,4797,EAST AND NORTH EAST INDIA,2,BIHAR,203,203BHR0340,BIHAR,20303,PURNEA,20303027,Jalalgarh,2030302708,BAISA,2.0303E+12,ORG,25.92,87.53,MC PATNA,11,Kosi,Ganga,PATNA,22,187,22187
313,4799,EAST AND NORTH EAST INDIA,2,BIHAR,203,203BHR0335,BIHAR,20303,PURNEA,20303027,Banmankhi,2030302703,BANMANKHI,2.0303E+12,ORG,25.8891,87.1912,MC PATNA,11,Kosi,Ganga,PATNA,22,187,22187
314,4800,EAST AND NORTH EAST INDIA,2,BIHAR,203,203BHR0336,BIHAR,20303,PURNEA,20303027,Barhara,2030302704,BARAHAR KOTHI,2.0303E+12,ORG,25.77,87.09,MC PATNA,11,Kosi,Ganga,PATNA,22,187,22187
316,4802,EAST AND NORTH EAST INDIA,2,BIHAR,203,203BHR0338,BIHAR,20303,PURNEA,20303027,Dagarua,2030302706,DAGARUA,2.0303E+12,ORG,25.785,87.601,MC PATNA,11,Kosi,Ganga,PATNA,22,187,22187
317,4803,EAST AND NORTH EAST INDIA,2,BIHAR,203,203BHR0339,BIHAR,20303,PURNEA,20303027,Dhamdaha,2030302707,DHAMDAHA,2.0303E+12,ORG,25.74,87.188,MC PATNA,11,Kosi,Ganga,PATNA,22,187,22187
319,4805,EAST AND NORTH EAST INDIA,2,BIHAR,203,203BHR0341,BIHAR,20303,PURNEA,20303027,Jalalgarh,2030302708,JALALGARH,2.0303E+12,ORG,25.967,87.5311,MC PATNA,11,Kosi,Ganga,PATNA,22,187,22187
320,4806,EAST AND NORTH EAST INDIA,2,BIHAR,203,203BHR0342,BIHAR,20303,PURNEA,20303027,Kasba,2030302709,KASBA,2.0303E+12,ORG,25.854,87.537,MC PATNA,11,Kosi,Ganga,PATNA,22,187,22187
321,4807,EAST AND NORTH EAST INDIA,2,BIHAR,203,203BHR0343,BIHAR,20303,PURNEA,20303027,Kriyanand nagar,2030302710,KRITYANAND NAGAR,2.0303E+12,ORG,25.821219,87.393284,MC PATNA,11,Kosi,Ganga,PATNA,22,187,22187
322,4808,EAST AND NORTH EAST INDIA,2,BIHAR,203,203BHR0344,BIHAR,20303,PURNEA,20303027,Purnia east,2030302711,PURNEA,2.0303E+12,ORG,25.766667,87.466667,MC PATNA,11,Kosi,Ganga,PATNA,22,187,22187
323,4809,EAST AND NORTH EAST INDIA,2,BIHAR,203,203BHR0337,BIHAR,20303,PURNEA,20303027,Bhawanipur,2030302705,RUPOULI,2.0303E+12,ORG,25.5937,87.1473,MC PATNA,11,Kosi,Ganga,PATNA,22,187,22187
324,4810,EAST AND NORTH EAST INDIA,2,BIHAR,203,203BHR0347,BIHAR,20303,PURNEA,20303027,Srinagar,2030302714,SRINAGAR,2.0303E+12,ORG,25.938,87.403,MC PATNA,11,Kosi,Ganga,PATNA,22,187,22187
329,4815,EAST AND NORTH EAST INDIA,2,BIHAR,203,203BHR0369,BIHAR,20303,SAHARSA,20303029,Banma itahri,2030302901,BANMA ITAHRI,2.0303E+12,ORG,25.67,86.64,MC PATNA,11,Kosi,Ganga,PATNA,22,187,22187
330,4816,EAST AND NORTH EAST INDIA,2,BIHAR,203,203BHR0370,BIHAR,20303,SAHARSA,20303029,Kahara,2030302902,KAHARA,2.0303E+12,ORG,25.86,86.57,MC PATNA,11,Kosi,Ganga,PATNA,22,187,22187
331,4817,EAST AND NORTH EAST INDIA,2,BIHAR,203,203BHR0371,BIHAR,20303,SAHARSA,20303029,Mahishi,2030302903,MAHESHI,2.0303E+12,ORG,25.854,86.47,MC PATNA,11,Kosi,Ganga,PATNA,22,187,22187
332,4818,EAST AND NORTH EAST INDIA,2,BIHAR,203,203BHR0372,BIHAR,20303,SAHARSA,20303029,Nauhatta,2030302904,NAUHATTA,2.0303E+12,ORG,25.9974,86.4889,MC PATNA,11,Kosi,Ganga,PATNA,22,187,22187
333,4819,EAST AND NORTH EAST INDIA,2,BIHAR,203,203BHR0373,BIHAR,20303,SAHARSA,20303029,Patarghat,2030302905,PATARGHAT,2.0303E+12,ORG,25.8059,86.7791,MC PATNA,11,Kosi,Ganga,PATNA,22,187,22187
334,4820,EAST AND NORTH EAST INDIA,2,BIHAR,203,203BHR0374,BIHAR,20303,SAHARSA,20303029,Salkhua,2030302906,SALAKHUA,2.0303E+12,ORG,25.665,86.6057,MC PATNA,11,Kosi,Ganga,PATNA,22,187,22187
335,4821,EAST AND NORTH EAST INDIA,2,BIHAR,203,203BHR0375,BIHAR,20303,SAHARSA,20303029,Satar Kataiya,2030302907,SATTAR KATAIYA,2.0303E+12,ORG,25.95,86.62,MC PATNA,11,Kosi,Ganga,PATNA,22,187,22187
336,4822,EAST AND NORTH EAST INDIA,2,BIHAR,203,203BHR0376,BIHAR,20303,SAHARSA,20303029,Saur bazar,2030302908,SAURBAZAR,2.0303E+12,ORG,25.8352,86.6838,MC PATNA,11,Kosi,Ganga,PATNA,22,187,22187
337,4823,EAST AND NORTH EAST INDIA,2,BIHAR,203,203BHR0377,BIHAR,20303,SAHARSA,20303029,Simri bakhtiarpur,2030302909,SIRMARI B.PUR,2.0303E+12,ORG,25.716667,86.566667,MC PATNA,11,Kosi,Ganga,PATNA,22,187,22187
338,4824,EAST AND NORTH EAST INDIA,2,BIHAR,203,203BHR0378,BIHAR,20303,SAHARSA,20303029,Sonbarsa,2030302910,SONBARSA,2.0303E+12,ORG,25.6988,86.7094,MC PATNA,11,Kosi,Ganga,PATNA,22,187,22187
415,4901,EAST AND NORTH EAST INDIA,2,BIHAR,203,203BHR0455,BIHAR,20303,SUPAUL,20303036,Chhatapur,2030303602,BIRPUR,2.0303E+12,ORG,26.416667,87,MC PATNA,11,Kosi,Ganga,PATNA,22,187,22187
416,4902,EAST AND NORTH EAST INDIA,2,BIHAR,203,203BHR0456,BIHAR,20303,SUPAUL,20303036,Chhatapur,2030303602,CHHATAPUR,2.0303E+12,ORG,26.2072,87.0081,MC PATNA,11,Kosi,Ganga,PATNA,22,187,22187
417,4903,EAST AND NORTH EAST INDIA,2,BIHAR,203,203BHR0457,BIHAR,20303,SUPAUL,20303036,Kishanpur,2030303603,KISHANPUR,2.0303E+12,ORG,26.214061,86.679552,MC PATNA,11,Kosi,Ganga,PATNA,22,187,22187
418,4904,EAST AND NORTH EAST INDIA,2,BIHAR,203,203BHR0458,BIHAR,20303,SUPAUL,20303036,Kishanpur,2030303603,SARAIGARH BHAPTIYAHI,2.0303E+12,ORG,26.254619,86.719474,MC PATNA,11,Kosi,Ganga,PATNA,22,187,22187
419,4905,EAST AND NORTH EAST INDIA,2,BIHAR,203,203BHR0459,BIHAR,20303,SUPAUL,20303036,Marauna,2030303604,MARAUNA,2.0303E+12,ORG,26.1709,86.4296,MC PATNA,11,Kosi,Ganga,PATNA,22,187,22187
420,4906,EAST AND NORTH EAST INDIA,2,BIHAR,203,203BHR0460,BIHAR,20303,SUPAUL,20303036,Nirmali,2030303605,NIRMALI,2.0303E+12,ORG,26.333333,86.666667,MC PATNA,11,Kosi,Ganga,PATNA,22,187,22187
421,4907,EAST AND NORTH EAST INDIA,2,BIHAR,203,203BHR0461,BIHAR,20303,SUPAUL,20303036,Pratapganj,2030303607,PRATAPGANJ,2.0303E+12,ORG,26.293851,86.958438,MC PATNA,11,Kosi,Ganga,PATNA,22,187,22187
422,4908,EAST AND NORTH EAST INDIA,2,BIHAR,203,203BHR0462,BIHAR,20303,SUPAUL,20303036,Raghopur,2030303608,BHIMNAGAR,2.0303E+12,ORG,26.416667,86.916667,MC PATNA,11,Kosi,Ganga,PATNA,22,187,22187
423,4909,EAST AND NORTH EAST INDIA,2,BIHAR,203,203BHR0463,BIHAR,20303,SUPAUL,20303036,Raghopur,2030303608,RAHGHOPUR,2.0303E+12,ORG,26.3029,86.8395,MC PATNA,11,Kosi,Ganga,PATNA,22,187,22187
424,4910,EAST AND NORTH EAST INDIA,2,BIHAR,203,203BHR0464,BIHAR,20303,SUPAUL,20303036,Supaul,2030303610,BASUA,2.0303E+12,ORG,26.116667,86.6,MC PATNA,11,Kosi,Ganga,PATNA,22,187,22187
425,4911,EAST AND NORTH EAST INDIA,2,BIHAR,203,203BHR0465,BIHAR,20303,SUPAUL,20303036,Supaul,2030303610,SUPAUL,2.0303E+12,ORG,26.133333,86.583333,MC PATNA,11,Kosi,Ganga,PATNA,22,187,22187
426,4912,EAST AND NORTH EAST INDIA,2,BIHAR,203,203BHR0466,BIHAR,20303,SUPAUL,20303036,Tribcnigang,2030303611,PIPRA,2.0303E+12,ORG,26.161969,86.800249,MC PATNA,11,Kosi,Ganga,PATNA,22,187,22187
427,4913,EAST AND NORTH EAST INDIA,2,BIHAR,203,203BHR0467,BIHAR,20303,SUPAUL,20303036,Tribcnigang,2030303611,TRIBENIGANJ,2.0303E+12,ORG,26.116667,86.9,MC PATNA,11,Kosi,Ganga,PATNA,22,187,22187
4,4490,EAST AND NORTH EAST INDIA,2,BIHAR,203,203BHR0003,BIHAR,20303,ARARIA,20303001,Jokihat,2030300104,JOKIHAT,2.0303E+12,ORG,26.13,87.61,MC PATNA,11,Mahananda,Ganga,PATNA,22,189,22189
5,4491,EAST AND NORTH EAST INDIA,2,BIHAR,203,203BHR0004,BIHAR,20303,ARARIA,20303001,Kursakatta,2030300105,KURSAKANTA,2.0303E+12,ORG,26.36376,87.441853,MC PATNA,11,Mahananda,Ganga,PATNA,22,189,22189
7,4493,EAST AND NORTH EAST INDIA,2,BIHAR,203,203BHR0006,BIHAR,20303,ARARIA,20303001,Palasi,2030300107,PALASI,2.0303E+12,ORG,26.243745,87.567547,MC PATNA,11,Mahananda,Ganga,PATNA,22,189,22189
9,4495,EAST AND NORTH EAST INDIA,2,BIHAR,203,203BHR0009,BIHAR,20303,ARARIA,20303001,Sikti,2030300109,SIKTI,2.0303E+12,ORG,26.403,87.5532,MC PATNA,11,Mahananda,Ganga,PATNA,22,189,22189
163,4649,EAST AND NORTH EAST INDIA,2,BIHAR,203,203BHR0184,BIHAR,20303,KATIHAR,20303016,Amdabad,2030301601,AMDABAD,2.0303E+12,ORG,25.2975,87.796,MC PATNA,11,Mahananda,Ganga,PATNA,22,189,22189
164,4650,EAST AND NORTH EAST INDIA,2,BIHAR,203,203BHR0185,BIHAR,20303,KATIHAR,20303016,Balrampur,2030301603,BALRAMPUR,2.0303E+12,ORG,25.74,87.94,MC PATNA,11,Mahananda,Ganga,PATNA,22,189,22189
166,4652,EAST AND NORTH EAST INDIA,2,BIHAR,203,203BHR0187,BIHAR,20303,KATIHAR,20303016,Barsoi,2030301605,BARSOI,2.0303E+12,ORG,25.6234,87.9299,MC PATNA,11,Mahananda,Ganga,PATNA,22,189,22189
167,4653,EAST AND NORTH EAST INDIA,2,BIHAR,203,203BHR0188,BIHAR,20303,KATIHAR,20303016,Kadwa,2030301609,KADWA,2.0303E+12,ORG,25.64,87.73,MC PATNA,11,Mahananda,Ganga,PATNA,22,189,22189
169,4655,EAST AND NORTH EAST INDIA,2,BIHAR,203,203BHR0190,BIHAR,20303,KATIHAR,20303016,Katihar,2030301610,KATIHAR NORTH,2.0303E+12,ORG,25.55,87.583333,MC PATNA,11,Mahananda,Ganga,PATNA,22,189,22189
183,4669,EAST AND NORTH EAST INDIA,2,BIHAR,203,203BHR0204,BIHAR,20303,KISHANGANJ,20303018,Bahdurganj,2030301801,BAHADURGANJ,2.0303E+12,ORG,26.283333,87.816667,MC PATNA,11,Mahananda,Ganga,PATNA,22,189,22189
184,4670,EAST AND NORTH EAST INDIA,2,BIHAR,203,203BHR0205,BIHAR,20303,KISHANGANJ,20303018,Bahdurganj,2030301801,CHARGHARIA,2.0303E+12,ORG,26.283333,87.783333,MC PATNA,11,Mahananda,Ganga,PATNA,22,189,22189
185,4671,EAST AND NORTH EAST INDIA,2,BIHAR,203,203BHR0206,BIHAR,20303,KISHANGANJ,20303018,Dighalbank,2030301802,DIGHALBANK,2.0303E+12,ORG,26.4473,87.8657,MC PATNA,11,Mahananda,Ganga,PATNA,22,189,22189
186,4672,EAST AND NORTH EAST INDIA,2,BIHAR,203,203BHR0209,BIHAR,20303,KISHANGANJ,20303018,Pothia,2030301805,GALGALIA,2.0303E+12,ORG,26.35,88.13,MC PATNA,11,Mahananda,Ganga,PATNA,22,189,22189
187,4673,EAST AND NORTH EAST INDIA,2,BIHAR,203,203BHR0207,BIHAR,20303,KISHANGANJ,20303018,Kishanganj,2030301803,KISHANGANJ,2.0303E+12,ORG,26.09,87.94,MC PATNA,11,Mahananda,Ganga,PATNA,22,189,22189
188,4674,EAST AND NORTH EAST INDIA,2,BIHAR,203,203BHR0208,BIHAR,20303,KISHANGANJ,20303018,Kochadhamiu,2030301804,KOCHADHAMAN,2.0303E+12,ORG,26.164736,87.770337,MC PATNA,11,Mahananda,Ganga,PATNA,22,189,22189
189,4675,EAST AND NORTH EAST INDIA,2,BIHAR,203,203BHR0210,BIHAR,20303,KISHANGANJ,20303018,Pothia,2030301805,POTHIA,2.0303E+12,ORG,26.315839,88.17267,MC PATNA,11,Mahananda,Ganga,PATNA,22,189,22189
190,4676,EAST AND NORTH EAST INDIA,2,BIHAR,203,203BHR0211,BIHAR,20303,KISHANGANJ,20303018,Pothia,2030301805,TAIBPUR,2.0303E+12,ORG,26.366667,88.166667,MC PATNA,11,Mahananda,Ganga,PATNA,22,189,22189
191,4677,EAST AND NORTH EAST INDIA,2,BIHAR,203,203BHR0212,BIHAR,20303,KISHANGANJ,20303018,Terhagachh,2030301806,TEDHAGACH,2.0303E+12,ORG,26.3823,87.687,MC PATNA,11,Mahananda,Ganga,PATNA,22,189,22189
192,4678,EAST AND NORTH EAST INDIA,2,BIHAR,203,203BHR0213,BIHAR,20303,KISHANGANJ,20303018,Terhagachh,2030301806,TERHAGACHH,2.0303E+12,ORG,26.384392,87.687851,MC PATNA,11,Mahananda,Ganga,PATNA,22,189,22189
193,4679,EAST AND NORTH EAST INDIA,2,BIHAR,203,203BHR0214,BIHAR,20303,KISHANGANJ,20303018,Thakurganj,2030301807,THAKURGANJ,2.0303E+12,ORG,26.416667,88.083333,MC PATNA,11,Mahananda,Ganga,PATNA,22,189,22189
310,4796,EAST AND NORTH EAST INDIA,2,BIHAR,203,203BHR0333,BIHAR,20303,PURNEA,20303027,Amour,2030302701,AMAUR,2.0303E+12,ORG,25.96,87.7272,MC PATNA,11,Mahananda,Ganga,PATNA,22,189,22189
312,4798,EAST AND NORTH EAST INDIA,2,BIHAR,203,203BHR0345,BIHAR,20303,PURNEA,20303027,Raisi,2030302712,BAISI,2.0303E+12,ORG,25.86,87.74,MC PATNA,11,Mahananda,Ganga,PATNA,22,189,22189
315,4801,EAST AND NORTH EAST INDIA,2,BIHAR,203,203BHR0334,BIHAR,20303,PURNEA,20303027,Amour,2030302701,BHAWANIPUR,2.0303E+12,ORG,25.99,87.69,MC PATNA,11,Mahananda,Ganga,PATNA,22,189,22189
318,4804,EAST AND NORTH EAST INDIA,2,BIHAR,203,203BHR0346,BIHAR,20303,PURNEA,20303027,Raisi,2030302712,DHENGRAGHAT,2.0303E+12,ORG,25.866667,87.783333,MC PATNA,11,Mahananda,Ganga,PATNA,22,189,22189
491,4977,EAST AND NORTH EAST INDIA,2,SHWB & SIKKIM,207,207SHS0053,WEST BENGAL,20711,DARJEELING,20711002,Phansidewa,2071100208,BAGDOGRA IAF,2.0711E+12,ORG,26.633333,88.316667,RMC KOLKATA,19,Mahananda,Ganga,PATNA,22,189,22189
492,4978,EAST AND NORTH EAST INDIA,2,SHWB & SIKKIM,207,207SHS0054,WEST BENGAL,20711,DARJEELING,20711002,Phansidewa,2071100208,BAGRAKOTE,2.0711E+12,ORG,26.6191,88.31689,RMC KOLKATA,19,Mahananda,Ganga,PATNA,22,189,22189
493,4979,EAST AND NORTH EAST INDIA,2,SHWB & SIKKIM,207,207SHS0055,WEST BENGAL,20711,DARJEELING,20711002,Phansidewa,2071100208,KHARIBARI ARG,2.0711E+12,ARG,26.559795,88.285195,RMC KOLKATA,19,Mahananda,Ganga,PATNA,22,189,22189
494,4980,EAST AND NORTH EAST INDIA,2,SHWB & SIKKIM,207,207SHS0111,WEST BENGAL,20711,MALDA,20711004,Gazole,2071100405,BAMONGOLA,2.0711E+12,ORG,25.17,88.13,RMC KOLKATA,19,Mahananda,Ganga,PATNA,22,189,22189
495,4981,EAST AND NORTH EAST INDIA,2,SHWB & SIKKIM,207,207SHS0112,WEST BENGAL,20711,MALDA,20711004,Gazole,2071100405,GAJOLE,2.0711E+12,ORG,25.22,88.2,RMC KOLKATA,19,Mahananda,Ganga,PATNA,22,189,22189
496,4982,EAST AND NORTH EAST INDIA,2,SHWB & SIKKIM,207,207SHS0113,WEST BENGAL,20711,MALDA,20711004,Habibpur,2071100406,HABIBPUR,2.0711E+12,ORG,25,88.3,RMC KOLKATA,19,Mahananda,Ganga,PATNA,22,189,22189
497,4983,EAST AND NORTH EAST INDIA,2,SHWB & SIKKIM,207,207SHS0114,WEST BENGAL,20711,MALDA,20711004,Harischandrapur-I,2071100407,HARISH CHANDRAPUR,2.0711E+12,ORG,25.42,87.88,RMC KOLKATA,19,Mahananda,Ganga,PATNA,22,189,22189
498,4984,EAST AND NORTH EAST INDIA,2,SHWB & SIKKIM,207,207SHS0115,WEST BENGAL,20711,MALDA,20711004,Harischandrapur-II,2071100408,CHANCHAL,2.0711E+12,ORG,25.333333,87.916667,RMC KOLKATA,19,Mahananda,Ganga,PATNA,22,189,22189
499,4985,EAST AND NORTH EAST INDIA,2,SHWB & SIKKIM,207,207SHS0117,WEST BENGAL,20711,MALDA,20711004,Maldah,2071100412,MALDA,2.0711E+12,ORG,25.033333,88.133333,RMC KOLKATA,19,Mahananda,Ganga,PATNA,22,189,22189
500,4986,EAST AND NORTH EAST INDIA,2,SHWB & SIKKIM,207,207SHS0118,WEST BENGAL,20711,MALDA,20711004,Ratua-I,2071100414,RATUA ARG,2.0711E+12,ARG,25.183611,87.950277,RMC KOLKATA,19,Mahananda,Ganga,PATNA,22,189,22189
501,4987,EAST AND NORTH EAST INDIA,2,SHWB & SIKKIM,207,207SHS0119,WEST BENGAL,20711,NORTH DINAJPUR,20711005,Chopra,2071100501,CHOPRA,2.0711E+12,ORG,26.37,88.31,RMC KOLKATA,19,Mahananda,Ganga,PATNA,22,189,22189
502,4988,EAST AND NORTH EAST INDIA,2,SHWB & SIKKIM,207,207SHS0120,WEST BENGAL,20711,NORTH DINAJPUR,20711005,Chopra,2071100501,CHOPRA  ARG,2.0711E+12,ARG,26.358509,88.309578,RMC KOLKATA,19,Mahananda,Ganga,PATNA,22,189,22189
503,4989,EAST AND NORTH EAST INDIA,2,SHWB & SIKKIM,207,207SHS0121,WEST BENGAL,20711,NORTH DINAJPUR,20711005,Hemtabad,2071100504,HEMTABAD,2.0711E+12,ORG,25.67,88.22,RMC KOLKATA,19,Mahananda,Ganga,PATNA,22,189,22189
504,4990,EAST AND NORTH EAST INDIA,2,SHWB & SIKKIM,207,207SHS0122,WEST BENGAL,20711,NORTH DINAJPUR,20711005,Islampur,2071100505,ISLAMPUR,2.0711E+12,ORG,26.25,88.18,RMC KOLKATA,19,Mahananda,Ganga,PATNA,22,189,22189
505,4991,EAST AND NORTH EAST INDIA,2,SHWB & SIKKIM,207,207SHS0123,WEST BENGAL,20711,NORTH DINAJPUR,20711005,Itahar,2071100506,ITAHAR,2.0711E+12,ORG,25.45,88.18,RMC KOLKATA,19,Mahananda,Ganga,PATNA,22,189,22189
506,4992,EAST AND NORTH EAST INDIA,2,SHWB & SIKKIM,207,207SHS0124,WEST BENGAL,20711,NORTH DINAJPUR,20711005,Kaliaganj,2071100507,KALIAGANJ,2.0711E+12,ORG,25.63,88.31,RMC KOLKATA,19,Mahananda,Ganga,PATNA,22,189,22189
507,4993,EAST AND NORTH EAST INDIA,2,SHWB & SIKKIM,207,207SHS0125,WEST BENGAL,20711,NORTH DINAJPUR,20711005,Karandighi,2071100508,KARANDIGHI,2.0711E+12,ORG,25.81,87.91,RMC KOLKATA,19,Mahananda,Ganga,PATNA,22,189,22189
508,4994,EAST AND NORTH EAST INDIA,2,SHWB & SIKKIM,207,207SHS0126,WEST BENGAL,20711,NORTH DINAJPUR,20711005,Raiganj,2071100509,ITAHAR  ARG,2.0711E+12,ARG,25.752778,88.14,RMC KOLKATA,19,Mahananda,Ganga,PATNA,22,189,22189
509,4995,EAST AND NORTH EAST INDIA,2,SHWB & SIKKIM,207,207SHS0127,WEST BENGAL,20711,NORTH DINAJPUR,20711005,Raiganj,2071100509,RAIGANJ,2.0711E+12,ORG,25.655254,88.148756,RMC KOLKATA,19,Mahananda,Ganga,PATNA,22,189,22189
510,4996,EAST AND NORTH EAST INDIA,2,SHWB & SIKKIM,207,207SHS0128,WEST BENGAL,20711,NORTH DINAJPUR,20711005,Raiganj,2071100509,RAIGANJ (PTO),2.0711E+12,ORG,25.623611,88.136667,RMC KOLKATA,19,Mahananda,Ganga,PATNA,22,189,22189
511,4997,EAST AND NORTH EAST INDIA,2,SHWB & SIKKIM,207,207SHS0129,WEST BENGAL,20711,NORTH DINAJPUR,20711005,Raiganj,2071100509,RAIGANJ AWS,2.0711E+12,AWS,25.623611,88.136667,RMC KOLKATA,19,Mahananda,Ganga,PATNA,22,189,22189
512,4998,EAST AND NORTH EAST INDIA,2,SHWB & SIKKIM,207,207SHS0130,WEST BENGAL,20711,SOUTH DINAJPUR,20711006,Balurghat,2071100601,AMFU MAJHIAN,2.0711E+12,ORG,25.311675,88.767934,RMC KOLKATA,19,Mahananda,Ganga,PATNA,22,189,22189
513,4999,EAST AND NORTH EAST INDIA,2,SHWB & SIKKIM,207,207SHS0131,WEST BENGAL,20711,SOUTH DINAJPUR,20711006,Balurghat,2071100601,BALURGHAT,2.0711E+12,ORG,25.216667,88.783333,RMC KOLKATA,19,Mahananda,Ganga,PATNA,22,189,22189
514,5000,EAST AND NORTH EAST INDIA,2,SHWB & SIKKIM,207,207SHS0132,WEST BENGAL,20711,SOUTH DINAJPUR,20711006,Balurghat,2071100601,MAHINAGAR,2.0711E+12,ORG,25.26,88.78,RMC KOLKATA,19,Mahananda,Ganga,PATNA,22,189,22189
515,5001,EAST AND NORTH EAST INDIA,2,SHWB & SIKKIM,207,207SHS0133,WEST BENGAL,20711,SOUTH DINAJPUR,20711006,Balurghat,2071100601,MAJHIAN  AGRO,2.0711E+12,AWS,25.3,88.8,RMC KOLKATA,19,Mahananda,Ganga,PATNA,22,189,22189
516,5002,EAST AND NORTH EAST INDIA,2,SHWB & SIKKIM,207,207SHS0134,WEST BENGAL,20711,SOUTH DINAJPUR,20711006,Bansihari,2071100602,BANSHIHARI,2.0711E+12,ORG,25.39,88.43,RMC KOLKATA,19,Mahananda,Ganga,PATNA,22,189,22189
517,5003,EAST AND NORTH EAST INDIA,2,SHWB & SIKKIM,207,207SHS0135,WEST BENGAL,20711,SOUTH DINAJPUR,20711006,Gangarampur,2071100603,GANGARAMPUR,2.0711E+12,ORG,25.383333,88.516667,RMC KOLKATA,19,Mahananda,Ganga,PATNA,22,189,22189
518,5004,EAST AND NORTH EAST INDIA,2,SHWB & SIKKIM,207,207SHS0136,WEST BENGAL,20711,SOUTH DINAJPUR,20711006,Gangarampur,2071100603,GANGARAMPUR  ARG,2.0711E+12,ARG,25.405401,88.52002,RMC KOLKATA,19,Mahananda,Ganga,PATNA,22,189,22189
519,5005,EAST AND NORTH EAST INDIA,2,SHWB & SIKKIM,207,207SHS0137,WEST BENGAL,20711,SOUTH DINAJPUR,20711006,Kumarganj,2071100606,KUMARGANJ,2.0711E+12,ORG,25.43,88.73,RMC KOLKATA,19,Mahananda,Ganga,PATNA,22,189,22189
520,5006,EAST AND NORTH EAST INDIA,2,SHWB & SIKKIM,207,207SHS0138,WEST BENGAL,20711,SOUTH DINAJPUR,20711006,Kumarganj,2071100606,KUSHMUNDI,2.0711E+12,ORG,25.43,88.73,RMC KOLKATA,19,Mahananda,Ganga,PATNA,22,189,22189
521,5007,EAST AND NORTH EAST INDIA,2,SHWB & SIKKIM,207,207SHS0139,WEST BENGAL,20711,SOUTH DINAJPUR,20711006,Tapan,2071100608,TAPAN,2.0711E+12,ORG,25.3,88.56,RMC KOLKATA,19,Mahananda,Ganga,PATNA,22,189,22189
458,4944,EAST AND NORTH EAST INDIA,2,JHARKHAND,205,205JHR0017,JHARKHAND,20504,CHATRA,20504002,Simaria,2050400211,SHILAICHAK,2.0504E+12,ORG,24.03,84.93,MC RANCHI,13,North Koel,Ganga,PATNA,22,191,22191
460,4946,EAST AND NORTH EAST INDIA,2,JHARKHAND,205,205JHR0057,JHARKHAND,20504,GARHWA,20504007,Garwa,2050400709,GARHWA,2.0504E+12,ORG,24.166667,83.8,MC RANCHI,13,North Koel,Ganga,PATNA,22,191,22191
461,4947,EAST AND NORTH EAST INDIA,2,JHARKHAND,205,205JHR0058,JHARKHAND,20504,GARHWA,20504007,Garwa,2050400709,GARHWA KVK AWS,2.0504E+12,AWS,24.155,83.7883,MC RANCHI,13,North Koel,Ganga,PATNA,22,191,22191
467,4953,EAST AND NORTH EAST INDIA,2,JHARKHAND,205,205JHR0074,JHARKHAND,20504,GUMLA,20504010,Bishunpur,2050401003,GUMLA BISHNUPUR KVK AWS,2.0504E+12,AWS,23.4363,84.3216,MC RANCHI,13,North Koel,Ganga,PATNA,22,191,22191
469,4955,EAST AND NORTH EAST INDIA,2,JHARKHAND,205,205JHR0114,JHARKHAND,20504,LATEHAR,20504015,Balumath,2050401501,BALUMATH,2.0504E+12,ORG,23.833333,84.783333,MC RANCHI,13,North Koel,Ganga,PATNA,22,191,22191
470,4956,EAST AND NORTH EAST INDIA,2,JHARKHAND,205,205JHR0115,JHARKHAND,20504,LATEHAR,20504015,Balumath,2050401501,LATEHAR BALUMAT KVK AWS,2.0504E+12,AWS,23.8344,84.7874,MC RANCHI,13,North Koel,Ganga,PATNA,22,191,22191
471,4957,EAST AND NORTH EAST INDIA,2,JHARKHAND,205,205JHR0116,JHARKHAND,20504,LATEHAR,20504015,Bariyatu,2050401502,BARIYATU,2.0504E+12,ORG,23.933333,84.816667,MC RANCHI,13,North Koel,Ganga,PATNA,22,191,22191
472,4958,EAST AND NORTH EAST INDIA,2,JHARKHAND,205,205JHR0118,JHARKHAND,20504,LATEHAR,20504015,Garu,2050401505,GARU,2.0504E+12,ORG,23.66,84.21,MC RANCHI,13,North Koel,Ganga,PATNA,22,191,22191
473,4959,EAST AND NORTH EAST INDIA,2,JHARKHAND,205,205JHR0119,JHARKHAND,20504,LATEHAR,20504015,Herhanj,2050401506,HERHANJ,2.0504E+12,ORG,23.92,84.6,MC RANCHI,13,North Koel,Ganga,PATNA,22,191,22191
474,4960,EAST AND NORTH EAST INDIA,2,JHARKHAND,205,205JHR0120,JHARKHAND,20504,LATEHAR,20504015,Latehar,2050401507,LATEHAR,2.0504E+12,ORG,23.75,84.5,MC RANCHI,13,North Koel,Ganga,PATNA,22,191,22191
475,4961,EAST AND NORTH EAST INDIA,2,JHARKHAND,205,205JHR0121,JHARKHAND,20504,LATEHAR,20504015,Latehar,2050401507,SARYU,2.0504E+12,ORG,23.73,84.5,MC RANCHI,13,North Koel,Ganga,PATNA,22,191,22191
476,4962,EAST AND NORTH EAST INDIA,2,JHARKHAND,205,205JHR0131,JHARKHAND,20504,PALAMU,20504018,Bishrampur,2050401801,BISHRAMPUR,2.0504E+12,ORG,24.25,83.933333,MC RANCHI,13,North Koel,Ganga,PATNA,22,191,22191
477,4963,EAST AND NORTH EAST INDIA,2,JHARKHAND,205,205JHR0132,JHARKHAND,20504,PALAMU,20504018,Chainpur,2050401802,CHAINPUR,2.0504E+12,ORG,24.02,84.04,MC RANCHI,13,North Koel,Ganga,PATNA,22,191,22191
478,4964,EAST AND NORTH EAST INDIA,2,JHARKHAND,205,205JHR0133,JHARKHAND,20504,PALAMU,20504018,Chainpur,2050401802,RAMGARH,2.0504E+12,ORG,23.88334,83.96741,MC RANCHI,13,North Koel,Ganga,PATNA,22,191,22191
481,4967,EAST AND NORTH EAST INDIA,2,JHARKHAND,205,205JHR0136,JHARKHAND,20504,PALAMU,20504018,Manatur,2050401807,MANATU,2.0504E+12,ORG,24.233333,84.4,MC RANCHI,13,North Koel,Ganga,PATNA,22,191,22191
482,4968,EAST AND NORTH EAST INDIA,2,JHARKHAND,205,205JHR0137,JHARKHAND,20504,PALAMU,20504018,Medininagar,2050401808,DALTONGANJ,2.0504E+12,ORG,24.05,84.066667,MC RANCHI,13,North Koel,Ganga,PATNA,22,191,22191
483,4969,EAST AND NORTH EAST INDIA,2,JHARKHAND,205,205JHR0138,JHARKHAND,20504,PALAMU,20504018,Medininagar,2050401808,PALAMU DTG KVK AWS,2.0504E+12,AWS,24.0141,84.1013,MC RANCHI,13,North Koel,Ganga,PATNA,22,191,22191
484,4970,EAST AND NORTH EAST INDIA,2,JHARKHAND,205,205JHR0139,JHARKHAND,20504,PALAMU,20504018,Nawabazar,2050401810,NAWA BAZAR,2.0504E+12,ORG,24.28,84.1,MC RANCHI,13,North Koel,Ganga,PATNA,22,191,22191
486,4972,EAST AND NORTH EAST INDIA,2,JHARKHAND,205,205JHR0141,JHARKHAND,20504,PALAMU,20504018,Nilambar-pitambarpur,2050401812,LESLIGANJ,2.0504E+12,ORG,24.02,84.2,MC RANCHI,13,North Koel,Ganga,PATNA,22,191,22191
487,4973,EAST AND NORTH EAST INDIA,2,JHARKHAND,205,205JHR0142,JHARKHAND,20504,PALAMU,20504018,Panki,2050401815,PANKI,2.0504E+12,ORG,24.05,84.466667,MC RANCHI,13,North Koel,Ganga,PATNA,22,191,22191
12,4498,EAST AND NORTH EAST INDIA,2,BIHAR,203,203BHR0015,BIHAR,20303,AURANGABAD,20303003,Aurangabad,2030300301,AURANGABAD,2.0303E+12,ORG,24.75,84.383333,MC PATNA,11,Punpun/Dhab Nadi,Ganga,PATNA,22,192,22192
18,4504,EAST AND NORTH EAST INDIA,2,BIHAR,203,203BHR0016,BIHAR,20303,AURANGABAD,20303003,Barun,2030300302,BARUN,2.0303E+12,ORG,24.8672,84.2206,MC PATNA,11,Punpun/Dhab Nadi,Ganga,PATNA,22,192,22192
28,4514,EAST AND NORTH EAST INDIA,2,BIHAR,203,203BHR0018,BIHAR,20303,AURANGABAD,20303003,Deo,2030300304,DEO,2.0303E+12,ORG,24.65,84.416667,MC PATNA,11,Punpun/Dhab Nadi,Ganga,PATNA,22,192,22192
33,4519,EAST AND NORTH EAST INDIA,2,BIHAR,203,203BHR0019,BIHAR,20303,AURANGABAD,20303003,Goh,2030300305,GOH,2.0303E+12,ORG,24.98559,84.646576,MC PATNA,11,Punpun/Dhab Nadi,Ganga,PATNA,22,192,22192
35,4521,EAST AND NORTH EAST INDIA,2,BIHAR,203,203BHR0012,BIHAR,20303,ARWAL,20303002,Karpl,2030300203,KARPI,2.0303E+12,ORG,25.1683,84.735,MC PATNA,11,Punpun/Dhab Nadi,Ganga,PATNA,22,192,22192
37,4523,EAST AND NORTH EAST INDIA,2,BIHAR,203,203BHR0013,BIHAR,20303,ARWAL,20303002,Karpl,2030300203,KINJAR,2.0303E+12,ORG,25.21,84.83,MC PATNA,11,Punpun/Dhab Nadi,Ganga,PATNA,22,192,22192
39,4525,EAST AND NORTH EAST INDIA,2,BIHAR,203,203BHR0014,BIHAR,20303,ARWAL,20303002,Karpl,2030300203,KURATHA,2.0303E+12,ORG,25.21,84.81,MC PATNA,11,Punpun/Dhab Nadi,Ganga,PATNA,22,192,22192
40,4526,EAST AND NORTH EAST INDIA,2,BIHAR,203,203BHR0020,BIHAR,20303,AURANGABAD,20303003,Kutumba,2030300307,KUTUMBA,2.0303E+12,ORG,24.629608,84.287293,MC PATNA,11,Punpun/Dhab Nadi,Ganga,PATNA,22,192,22192
41,4527,EAST AND NORTH EAST INDIA,2,BIHAR,203,203BHR0021,BIHAR,20303,AURANGABAD,20303003,Madanpur,2030300308,MADANPUR,2.0303E+12,ORG,24.6551,84.5875,MC PATNA,11,Punpun/Dhab Nadi,Ganga,PATNA,22,192,22192
43,4529,EAST AND NORTH EAST INDIA,2,BIHAR,203,203BHR0022,BIHAR,20303,AURANGABAD,20303003,Nahinagar,2030300309,NABINAGAR,2.0303E+12,ORG,24.6018,84.1292,MC PATNA,11,Punpun/Dhab Nadi,Ganga,PATNA,22,192,22192
45,4531,EAST AND NORTH EAST INDIA,2,BIHAR,203,203BHR0023,BIHAR,20303,AURANGABAD,20303003,Obra,2030300310,OBRA,2.0303E+12,ORG,24.885068,84.369167,MC PATNA,11,Punpun/Dhab Nadi,Ganga,PATNA,22,192,22192
46,4532,EAST AND NORTH EAST INDIA,2,BIHAR,203,203BHR0024,BIHAR,20303,AURANGABAD,20303003,Obra,2030300310,PALMERGANJ,2.0303E+12,ORG,24.933333,84.416667,MC PATNA,11,Punpun/Dhab Nadi,Ganga,PATNA,22,192,22192
47,4533,EAST AND NORTH EAST INDIA,2,BIHAR,203,203BHR0025,BIHAR,20303,AURANGABAD,20303003,Raflganj,2030300311,RAFIGANJ,2.0303E+12,ORG,24.8,84.633333,MC PATNA,11,Punpun/Dhab Nadi,Ganga,PATNA,22,192,22192
65,4551,EAST AND NORTH EAST INDIA,2,BIHAR,203,203BHR0074,BIHAR,20303,BHOJPUR,20303008,Barhara,2030300803,BARAHARA,2.0303E+12,ORG,25.68,84.72,MC PATNA,11,Punpun/Dhab Nadi,Ganga,PATNA,22,192,22192
66,4552,EAST AND NORTH EAST INDIA,2,BIHAR,203,203BHR0075,BIHAR,20303,BHOJPUR,20303008,Barhara,2030300803,BARHARA,2.0303E+12,ORG,25.673233,84.725397,MC PATNA,11,Punpun/Dhab Nadi,Ganga,PATNA,22,192,22192
109,4595,EAST AND NORTH EAST INDIA,2,BIHAR,203,203BHR0140,BIHAR,20303,GAYA,20303012,Gurua,2030301211,AMAS,2.0303E+12,ORG,24.615297,84.664095,MC PATNA,11,Punpun/Dhab Nadi,Ganga,PATNA,22,192,22192
111,4597,EAST AND NORTH EAST INDIA,2,BIHAR,203,203BHR0129,BIHAR,20303,GAYA,20303012,Banke bazar,2030301202,BANKEY BAZAR,2.0303E+12,ORG,24.516172,84.66797,MC PATNA,11,Punpun/Dhab Nadi,Ganga,PATNA,22,192,22192
113,4599,EAST AND NORTH EAST INDIA,2,BIHAR,203,203BHR0131,BIHAR,20303,GAYA,20303012,Belaganj,2030301204,BELAGANJ,2.0303E+12,ORG,24.978233,84.975367,MC PATNA,11,Punpun/Dhab Nadi,Ganga,PATNA,22,192,22192
116,4602,EAST AND NORTH EAST INDIA,2,BIHAR,203,203BHR0135,BIHAR,20303,GAYA,20303012,Dumaria,2030301207,DUMARIA,2.0303E+12,ORG,24.4427,84.3894,MC PATNA,11,Punpun/Dhab Nadi,Ganga,PATNA,22,192,22192
118,4604,EAST AND NORTH EAST INDIA,2,BIHAR,203,203BHR0137,BIHAR,20303,GAYA,20303012,Gaya town c. d. block,2030301209,GAYA AERO,2.0303E+12,ORG,24.75,84.95,MC PATNA,11,Punpun/Dhab Nadi,Ganga,PATNA,22,192,22192
119,4605,EAST AND NORTH EAST INDIA,2,BIHAR,203,203BHR0139,BIHAR,20303,GAYA,20303012,Guraru,2030301210,GURARU,2.0303E+12,ORG,24.81,84.79,MC PATNA,11,Punpun/Dhab Nadi,Ganga,PATNA,22,192,22192
120,4606,EAST AND NORTH EAST INDIA,2,BIHAR,203,203BHR0141,BIHAR,20303,GAYA,20303012,Gurua,2030301211,GURUA,2.0303E+12,ORG,24.66695,84.784327,MC PATNA,11,Punpun/Dhab Nadi,Ganga,PATNA,22,192,22192
121,4607,EAST AND NORTH EAST INDIA,2,BIHAR,203,203BHR0142,BIHAR,20303,GAYA,20303012,Imamganj,2030301212,IMAMGANJ,2.0303E+12,ORG,24.448688,84.580811,MC PATNA,11,Punpun/Dhab Nadi,Ganga,PATNA,22,192,22192
123,4609,EAST AND NORTH EAST INDIA,2,BIHAR,203,203BHR0144,BIHAR,20303,GAYA,20303012,Konch,2030301214,KONCH,2.0303E+12,ORG,24.930225,84.763381,MC PATNA,11,Punpun/Dhab Nadi,Ganga,PATNA,22,192,22192
127,4613,EAST AND NORTH EAST INDIA,2,BIHAR,203,203BHR0138,BIHAR,20303,GAYA,20303012,Gaya town c. d. block,2030301209,NAGAR,2.0303E+12,ORG,24.785705,84.972428,MC PATNA,11,Punpun/Dhab Nadi,Ganga,PATNA,22,192,22192
129,4615,EAST AND NORTH EAST INDIA,2,BIHAR,203,203BHR0148,BIHAR,20303,GAYA,20303012,Paraiya,2030301219,PARAIYA,2.0303E+12,ORG,24.813071,84.84563,MC PATNA,11,Punpun/Dhab Nadi,Ganga,PATNA,22,192,22192
130,4616,EAST AND NORTH EAST INDIA,2,BIHAR,203,203BHR0149,BIHAR,20303,GAYA,20303012,Sherghati,2030301220,SHERGHATI,2.0303E+12,ORG,24.55,84.8,MC PATNA,11,Punpun/Dhab Nadi,Ganga,PATNA,22,192,22192
132,4618,EAST AND NORTH EAST INDIA,2,BIHAR,203,203BHR0151,BIHAR,20303,GAYA,20303012,Tikari,2030301223,TEKARI,2.0303E+12,ORG,24.94,84.84,MC PATNA,11,Punpun/Dhab Nadi,Ganga,PATNA,22,192,22192
146,4632,EAST AND NORTH EAST INDIA,2,BIHAR,203,203BHR0168,BIHAR,20303,JAHANABAD,20303014,Kako,2030301404,GHOSI,2.0303E+12,ORG,25.16,85.09,MC PATNA,11,Punpun/Dhab Nadi,Ganga,PATNA,22,192,22192
148,4634,EAST AND NORTH EAST INDIA,2,BIHAR,203,203BHR0167,BIHAR,20303,JAHANABAD,20303014,Jahanabad,2030301403,JAHANABAD,2.0303E+12,ORG,25.216667,85,MC PATNA,11,Punpun/Dhab Nadi,Ganga,PATNA,22,192,22192
149,4635,EAST AND NORTH EAST INDIA,2,BIHAR,203,203BHR0169,BIHAR,20303,JAHANABAD,20303014,Kako,2030301404,KAKO,2.0303E+12,ORG,25.22,85.06,MC PATNA,11,Punpun/Dhab Nadi,Ganga,PATNA,22,192,22192
150,4636,EAST AND NORTH EAST INDIA,2,BIHAR,203,203BHR0171,BIHAR,20303,JAHANABAD,20303014,Ratni faridpur,2030301408,MAKHDUMPUR,2.0303E+12,ORG,25.15,84.883333,MC PATNA,11,Punpun/Dhab Nadi,Ganga,PATNA,22,192,22192
151,4637,EAST AND NORTH EAST INDIA,2,BIHAR,203,203BHR0170,BIHAR,20303,JAHANABAD,20303014,Modanganj,2030301407,MODANGANJ,2.0303E+12,ORG,25.241431,85.145233,MC PATNA,11,Punpun/Dhab Nadi,Ganga,PATNA,22,192,22192
152,4638,EAST AND NORTH EAST INDIA,2,BIHAR,203,203BHR0172,BIHAR,20303,JAHANABAD,20303014,Ratni faridpur,2030301408,RATNI FARIDPUR,2.0303E+12,ORG,25.151483,84.867524,MC PATNA,11,Punpun/Dhab Nadi,Ganga,PATNA,22,192,22192
289,4775,EAST AND NORTH EAST INDIA,2,BIHAR,203,203BHR0312,BIHAR,20303,PATNA,20303026,Bihta,2030302605,BIHTA,2.0303E+12,ORG,25.55,84.87,MC PATNA,11,Punpun/Dhab Nadi,Ganga,PATNA,22,192,22192
290,4776,EAST AND NORTH EAST INDIA,2,BIHAR,203,203BHR0313,BIHAR,20303,PATNA,20303026,Bikram,2030302606,BIKRAM,2.0303E+12,ORG,25.45,84.866667,MC PATNA,11,Punpun/Dhab Nadi,Ganga,PATNA,22,192,22192
291,4777,EAST AND NORTH EAST INDIA,2,BIHAR,203,203BHR0327,BIHAR,20303,PATNA,20303026,Patna rural,2030302620,DANAPUR,2.0303E+12,ORG,25.643459,85.062902,MC PATNA,11,Punpun/Dhab Nadi,Ganga,PATNA,22,192,22192
293,4779,EAST AND NORTH EAST INDIA,2,BIHAR,203,203BHR0314,BIHAR,20303,PATNA,20303026,Dhanarua,2030302607,DHANARUA,2.0303E+12,ORG,25.364714,85.135267,MC PATNA,11,Punpun/Dhab Nadi,Ganga,PATNA,22,192,22192
294,4780,EAST AND NORTH EAST INDIA,2,BIHAR,203,203BHR0317,BIHAR,20303,PATNA,20303026,Dulhin bazar,2030302610,DULHIN BAZZAR,2.0303E+12,ORG,25.390809,84.859486,MC PATNA,11,Punpun/Dhab Nadi,Ganga,PATNA,22,192,22192
298,4784,EAST AND NORTH EAST INDIA,2,BIHAR,203,203BHR0321,BIHAR,20303,PATNA,20303026,Maner,2030302614,MANER,2.0303E+12,ORG,25.631937,84.873492,MC PATNA,11,Punpun/Dhab Nadi,Ganga,PATNA,22,192,22192
299,4785,EAST AND NORTH EAST INDIA,2,BIHAR,203,203BHR0322,BIHAR,20303,PATNA,20303026,Masaurhi,2030302615,MASAURHI,2.0303E+12,ORG,25.362045,85.04122,MC PATNA,11,Punpun/Dhab Nadi,Ganga,PATNA,22,192,22192
301,4787,EAST AND NORTH EAST INDIA,2,BIHAR,203,203BHR0324,BIHAR,20303,PATNA,20303026,Naubatpur,2030302617,NAUBATPUR,2.0303E+12,ORG,25.478112,84.959484,MC PATNA,11,Punpun/Dhab Nadi,Ganga,PATNA,22,192,22192
302,4788,EAST AND NORTH EAST INDIA,2,BIHAR,203,203BHR0325,BIHAR,20303,PATNA,20303026,Paliganj,2030302618,PALIGANJ,2.0303E+12,ORG,25.3333,84.8073,MC PATNA,11,Punpun/Dhab Nadi,Ganga,PATNA,22,192,22192
304,4790,EAST AND NORTH EAST INDIA,2,BIHAR,203,203BHR0328,BIHAR,20303,PATNA,20303026,Patna rural,2030302620,PATNA AERODROME,2.0303E+12,ORG,25.6,85.1,MC PATNA,11,Punpun/Dhab Nadi,Ganga,PATNA,22,192,22192
305,4791,EAST AND NORTH EAST INDIA,2,BIHAR,203,203BHR0329,BIHAR,20303,PATNA,20303026,Patna rural,2030302620,PATNA SADAR,2.0303E+12,ORG,25.617508,85.15008,MC PATNA,11,Punpun/Dhab Nadi,Ganga,PATNA,22,192,22192
306,4792,EAST AND NORTH EAST INDIA,2,BIHAR,203,203BHR0330,BIHAR,20303,PATNA,20303026,Phulwari,2030302621,PHULWARI SHARIF,2.0303E+12,ORG,25.578849,85.076807,MC PATNA,11,Punpun/Dhab Nadi,Ganga,PATNA,22,192,22192
307,4793,EAST AND NORTH EAST INDIA,2,BIHAR,203,203BHR0316,BIHAR,20303,PATNA,20303026,Dinapur-cum-khaganl,2030302609,PUNPUN,2.0303E+12,ORG,25.619799,85.057776,MC PATNA,11,Punpun/Dhab Nadi,Ganga,PATNA,22,192,22192
308,4794,EAST AND NORTH EAST INDIA,2,BIHAR,203,203BHR0332,BIHAR,20303,PATNA,20303026,Sampatchal,2030302623,SAMPATCHAK,2.0303E+12,ORG,25.542127,85.179202,MC PATNA,11,Punpun/Dhab Nadi,Ganga,PATNA,22,192,22192
309,4795,EAST AND NORTH EAST INDIA,2,BIHAR,203,203BHR0331,BIHAR,20303,PATNA,20303026,Punpun,2030302622,SRIPALPUR,2.0303E+12,ORG,25.45,85.033333,MC PATNA,11,Punpun/Dhab Nadi,Ganga,PATNA,22,192,22192
360,4846,EAST AND NORTH EAST INDIA,2,BIHAR,203,203BHR0400,BIHAR,20303,SARAN,20303031,Dariapur,2030303104,DIGHWARA,2.0303E+12,ORG,25.7489,85.0082,MC PATNA,11,Punpun/Dhab Nadi,Ganga,PATNA,22,192,22192
457,4943,EAST AND NORTH EAST INDIA,2,JHARKHAND,205,205JHR0016,JHARKHAND,20504,CHATRA,20504002,Shaligram ram narayanpur,2050400210,HUNTERGANJ,2.0504E+12,ORG,24.45,84.8,MC RANCHI,13,Punpun/Dhab Nadi,Ganga,PATNA,22,192,22192
479,4965,EAST AND NORTH EAST INDIA,2,JHARKHAND,205,205JHR0134,JHARKHAND,20504,PALAMU,20504018,Hariharganj,2050401805,HARIHARGANJ,2.0504E+12,ORG,24.55,84.28,MC RANCHI,13,Punpun/Dhab Nadi,Ganga,PATNA,22,192,22192
485,4971,EAST AND NORTH EAST INDIA,2,JHARKHAND,205,205JHR0140,JHARKHAND,20504,PALAMU,20504018,Nawadiha,2050401811,NAUDIHA BAZAR,2.0504E+12,ORG,24.366667,84.283333,MC RANCHI,13,Punpun/Dhab Nadi,Ganga,PATNA,22,192,22192
11,4497,EAST AND NORTH EAST INDIA,2,BIHAR,203,203BHR0010,BIHAR,20303,ARWAL,20303002,Arwal,2030300201,ARWAL,2.0303E+12,ORG,25.233333,84.683333,MC PATNA,11,Sone,Ganga,PATNA,22,193,22193
27,4513,EAST AND NORTH EAST INDIA,2,BIHAR,203,203BHR0017,BIHAR,20303,AURANGABAD,20303003,Daudnagar,2030300303,DAUDNAGAR,2.0303E+12,ORG,25.05,84.4,MC PATNA,11,Sone,Ganga,PATNA,22,193,22193
34,4520,EAST AND NORTH EAST INDIA,2,BIHAR,203,203BHR0011,BIHAR,20303,ARWAL,20303002,Kaler,2030300202,KALER,2.0303E+12,ORG,25.122,84.4998,MC PATNA,11,Sone,Ganga,PATNA,22,193,22193
63,4549,EAST AND NORTH EAST INDIA,2,BIHAR,203,203BHR0072,BIHAR,20303,BHOJPUR,20303008,Agiaom,2030300801,AGIAON,2.0303E+12,ORG,25.3826,84.609985,MC PATNA,11,Sone,Ganga,PATNA,22,193,22193
64,4550,EAST AND NORTH EAST INDIA,2,BIHAR,203,203BHR0073,BIHAR,20303,BHOJPUR,20303008,Arrah,2030300802,ARRAH,2.0303E+12,ORG,25.537671,84.658395,MC PATNA,11,Sone,Ganga,PATNA,22,193,22193
67,4553,EAST AND NORTH EAST INDIA,2,BIHAR,203,203BHR0076,BIHAR,20303,BHOJPUR,20303008,Behea,2030300804,BIHIYAN,2.0303E+12,ORG,25.558122,84.451233,MC PATNA,11,Sone,Ganga,PATNA,22,193,22193
68,4554,EAST AND NORTH EAST INDIA,2,BIHAR,203,203BHR0077,BIHAR,20303,BHOJPUR,20303008,Charpolhari,2030300805,CHARPOKHIRI,2.0303E+12,ORG,25.3656,84.4885,MC PATNA,11,Sone,Ganga,PATNA,22,193,22193
69,4555,EAST AND NORTH EAST INDIA,2,BIHAR,203,203BHR0078,BIHAR,20303,BHOJPUR,20303008,Garhani,2030300806,GARHANI,2.0303E+12,ORG,25.404374,84.559136,MC PATNA,11,Sone,Ganga,PATNA,22,193,22193
70,4556,EAST AND NORTH EAST INDIA,2,BIHAR,203,203BHR0079,BIHAR,20303,BHOJPUR,20303008,Jagdishpur,2030300807,JAGDISHPUR,2.0303E+12,ORG,25.461104,84.417514,MC PATNA,11,Sone,Ganga,PATNA,22,193,22193
71,4557,EAST AND NORTH EAST INDIA,2,BIHAR,203,203BHR0080,BIHAR,20303,BHOJPUR,20303008,Koilwar,2030300808,KOILWAR,2.0303E+12,ORG,25.57,84.79,MC PATNA,11,Sone,Ganga,PATNA,22,193,22193
72,4558,EAST AND NORTH EAST INDIA,2,BIHAR,203,203BHR0081,BIHAR,20303,BHOJPUR,20303008,Piro,2030300809,PIRO,2.0303E+12,ORG,25.335861,84.41145,MC PATNA,11,Sone,Ganga,PATNA,22,193,22193
73,4559,EAST AND NORTH EAST INDIA,2,BIHAR,203,203BHR0082,BIHAR,20303,BHOJPUR,20303008,Sahar,2030300810,SAHAR,2.0303E+12,ORG,25.2479,84.6152,MC PATNA,11,Sone,Ganga,PATNA,22,193,22193
74,4560,EAST AND NORTH EAST INDIA,2,BIHAR,203,203BHR0083,BIHAR,20303,BHOJPUR,20303008,Sandesh,2030300811,SANDESH,2.0303E+12,ORG,25.4018,84.7407,MC PATNA,11,Sone,Ganga,PATNA,22,193,22193
75,4561,EAST AND NORTH EAST INDIA,2,BIHAR,203,203BHR0084,BIHAR,20303,BHOJPUR,20303008,Shahpur,2030300812,SHAHPUR,2.0303E+12,ORG,25.5954,84.3999,MC PATNA,11,Sone,Ganga,PATNA,22,193,22193
76,4562,EAST AND NORTH EAST INDIA,2,BIHAR,203,203BHR0085,BIHAR,20303,BHOJPUR,20303008,Tarari,2030300813,TARARI,2.0303E+12,ORG,25.205,84.4094,MC PATNA,11,Sone,Ganga,PATNA,22,193,22193
77,4563,EAST AND NORTH EAST INDIA,2,BIHAR,203,203BHR0086,BIHAR,20303,BHOJPUR,20303008,Udvant nagar,2030300814,UDWANTNAGAR,2.0303E+12,ORG,25.498795,84.625412,MC PATNA,11,Sone,Ganga,PATNA,22,193,22193
78,4564,EAST AND NORTH EAST INDIA,2,BIHAR,203,203BHR0087,BIHAR,20303,BUXAR,20303009,Barhampur,2030300901,BARHAMPUR,2.0303E+12,ORG,25.58,84.3,MC PATNA,11,Sone,Ganga,PATNA,22,193,22193
79,4565,EAST AND NORTH EAST INDIA,2,BIHAR,203,203BHR0090,BIHAR,20303,BUXAR,20303009,Changain,2030300904,CHAUGAI,2.0303E+12,ORG,25.476415,84.237074,MC PATNA,11,Sone,Ganga,PATNA,22,193,22193
325,4811,EAST AND NORTH EAST INDIA,2,BIHAR,203,203BHR0355,BIHAR,20303,ROHTAS,20303028,Karakat,2030302807,KARAKAT,2.0303E+12,ORG,25.119133,84.308589,MC PATNA,11,Sone,Ganga,PATNA,22,193,22193
326,4812,EAST AND NORTH EAST INDIA,2,BIHAR,203,203BHR0359,BIHAR,20303,ROHTAS,20303028,Naunatta,2030302811,NAUHATTA,2.0303E+12,ORG,24.55,83.8,MC PATNA,11,Sone,Ganga,PATNA,22,193,22193
327,4813,EAST AND NORTH EAST INDIA,2,BIHAR,203,203BHR0362,BIHAR,20303,ROHTAS,20303028,Rohtas,2030302814,ROHTAS,2.0303E+12,ORG,24.62,83.92,MC PATNA,11,Sone,Ganga,PATNA,22,193,22193
328,4814,EAST AND NORTH EAST INDIA,2,BIHAR,203,203BHR0368,BIHAR,20303,ROHTAS,20303028,Tilouthu,2030302819,TILOUTHU,2.0303E+12,ORG,24.81,84.091,MC PATNA,11,Sone,Ganga,PATNA,22,193,22193
459,4945,EAST AND NORTH EAST INDIA,2,JHARKHAND,205,205JHR0055,JHARKHAND,20504,GARHWA,20504007,Bhawanathpur,2050400703,BHAWNATHPUR,2.0504E+12,ORG,24.38,83.56,MC RANCHI,13,Sone,Ganga,PATNA,22,193,22193
480,4966,EAST AND NORTH EAST INDIA,2,JHARKHAND,205,205JHR0135,JHARKHAND,20504,PALAMU,20504018,Hussainabad,2050401806,JAPLA,2.0504E+12,ORG,24.53,83.99,MC RANCHI,13,Sone,Ganga,PATNA,22,193,22193
